omega,c1,c2,swarm,score,forced,leftover
1,1.5084717892770643,1.1591310477756134,1.6027402458655624,17.467537659455417,77.142,6,0
2,0.4552770341982216,1.5279865137487718,2.273483814832697,26.641311082464682,93.694,2,0
0,1.1590446432220691,0.6862267272541,0.7534282641757752,86.28053105760752,82.008,6,0
0,2.4471582297679686,1.1809614523468326,0.5236958763245373,60.50169148610058,79.08800000000001,6,0
2,1.226067619988622,0.560219331922081,1.915418952600238,17.66472654801563,95.586,4,0
0,1.076712160546544,0.479456406661094,1.0492982414739842,10.468984851881995,81.772,9,0
2,2.4238075037878817,0.5369619005956602,1.7461459475439347,20.906869181287927,82.82000000000001,7,0
1,2.4079515059411696,1.0960109479081812,0.5681137454569042,99.77319295080989,85.244,9,0
1,0.6828955974743125,1.4396091016948898,2.3305477336261706,60.383567354511314,77.8,5,0
2,0.9037271408188288,0.33151903369633523,1.3347738027048246,89.51227488805516,89.372,7,0
1,2.280612185433867,1.136384318486295,1.289026569659728,91.59515033012104,101.35600000000001,3,0
2,0.3927698251074283,1.7713059138215312,2.0058354504032576,26.014349286964247,82.876,8,0
0,2.2265838294907496,1.8248039858838518,1.6568575171817257,32.266962457911646,94.376,4,0
1,1.1098797120401382,1.4748449929752645,2.2402674122133917,71.74777910607193,75.79,7,0
2,0.6273854252247477,1.2659455191390403,1.1657843640885661,91.55410900661155,88.524,5,0
0,1.1937303348848827,2.4143956794849757,1.3608389953024196,89.66559981879266,75.932,6,0
0,1.4894642965384572,0.30797127877170155,0.9874692317334328,97.59797264636813,87.268,5,0
0,0.6079876197369509,0.6206848028365244,0.7107985148500641,40.258488521796096,92.024,8,0
1,2.1985853041553756,0.47873649418838504,1.0877762411702299,89.11545970129154,85.512,8,0
0,0.5156725811854208,2.1817555136350992,2.434989082499681,99.78471541855482,86.474,4,0
2,1.6030815167433676,0.9965697048774578,1.619926775158278,71.12326001588508,75.84,4,0
2,1.3860948623775307,0.6534790779523207,2.12662590837428,25.962128346549903,89.096,7,0
1,1.316179978976556,0.9363065575881939,1.7304669509409756,70.83375574067563,72.116,6,0
2,0.6792538004719826,1.1733288223766754,2.0212634222351897,63.42038351329809,97.518,6,0
0,0.8023612239157345,0.9233403346240343,1.0502548899684696,97.31541745108204,67.264,6,0
1,0.5065414290167884,1.4792237367380747,0.39459740929479165,40.042213950153666,95.242,6,0
2,0.8960855083742569,0.5446434582442622,1.1631321699657042,31.968732978917775,96.91199999999999,6,0
2,2.1284373583719507,1.937398004138298,1.5098763864126437,61.67214665638739,86.66,8,0
2,2.0324722974097953,1.7476095001073593,1.9283048421684488,10.186379555642006,77.47,9,0
2,0.807280915262564,1.4970694923003505,1.7229888457072264,91.96357762084307,97.824,6,0
0,1.8368470457439043,2.1502531815255743,0.3,100.0,72.49600000000001,6,0
0,2.1816344410065343,0.3878169426423015,2.5,100.0,81.342,7,0
0,1.151123871174165,0.3,0.3,85.01218242679704,94.634,7,0
1,1.6395688000818562,2.189970235122698,1.664749952724784,91.95638336512278,73.27,8,0
0,0.8806609993472181,0.3,2.2945926937054035,78.46255616189423,85.072,5,0
0,2.5,1.079744485011701,0.9990053052140435,12.289430549552012,86.884,8,0
0,2.5,1.2040136842201896,2.2992040492346524,100.0,76.908,7,0
2,1.0349289215779394,0.7269846171303654,2.5,100.0,83.856,5,0
0,0.6506827361260665,1.4967188678719325,0.5404662370649969,76.35098034920046,87.65,7,0
2,1.9820652058406816,0.3,0.3,42.180805177002426,89.974,5,0
0,2.5,0.3,2.5,93.67937070096036,78.17,7,0
2,1.4982293628882635,2.5,1.2844836092466172,94.04805557492325,79.674,8,0
0,1.6309518680086394,1.8949629979585274,2.5,10.0,101.732,7,0
2,1.221561476618401,0.3,2.5,69.0877779986444,77.98,6,0
1,1.3925689756620496,2.486391108314855,0.3,100.0,79.164,10,0
0,1.4788696821431155,0.3,0.9251753847316331,78.73852855075526,93.798,6,0
0,2.5,1.5940676333658241,0.3,46.745786658903164,92.95400000000001,6,0
1,0.45098887191720705,0.44856534883804977,2.0198042601260844,62.40595222923368,86.11,4,0
2,1.7649577086668684,0.3,1.3341960249562672,100.0,87.6,5,0
2,0.3,1.0425024225530886,0.3,54.7309044627053,89.61,8,0
1,1.2641897096596824,1.664457434045872,1.172604084063682,21.78228462711799,74.66,2,0
1,2.3083505399019884,1.7051090686197414,1.8439658682631705,69.19860715877965,103.242,6,0
0,1.3314103611400574,0.3,1.6024601251289794,41.3095727091965,81.02,8,0
2,0.3,0.3,2.5,100.0,75.034,5,0
2,1.7760743383519946,0.3,0.9764180767098434,100.0,81.474,6,0
0,0.3,2.3662489011264576,2.410650287162584,100.0,74.238,10,0
0,1.7818248097470957,0.4268295104335741,0.9089613215048152,74.96145031486024,68.702,7,0
1,2.3057678445641496,1.5551890573989857,0.3,62.36178373916849,83.138,5,0
1,1.9723972936783112,1.2408300167515862,2.0664830333854747,95.0334139936559,71.486,6,0
2,0.3,0.3334298101747195,2.5,71.92938042046804,82.982,6,0
1,2.071719574063265,1.6035311670586916,1.145124477027229,100.0,84.206,6,0
0,1.6671169682356655,0.3,1.3216510128529808,100.0,66.598,9,0
1,2.1026590918687207,0.3,0.3,93.562110487415,92.284,6,0
0,1.3117306528213388,2.179538125092434,2.197326301053895,86.43307159323356,79.202,8,0
2,2.351712925250188,0.7909820736439263,1.2766282370506363,100.0,99.428,5,0
1,2.5,1.4579895769274658,1.0976211536592873,39.62793339177552,72.404,4,0
2,2.5,1.0277929935084078,1.0937335540489943,73.40673150804032,98.22,8,0
2,1.8364817743104298,0.4790916201474198,2.5,100.0,85.216,6,0
0,2.214987113556114,0.6999873950653412,0.34328502596233634,93.40759202320643,91.902,4,0
2,2.5,0.3,0.3,68.55613014842585,95.988,7,0
0,2.5,0.3,1.471010276675475,100.0,71.052,5,0
2,1.5808098482903437,0.3,1.602520623218523,72.53394244233907,86.878,6,0
0,1.617971222480196,0.48361036469222496,1.931582309087873,10.0,92.004,5,0
2,1.8730764481804907,0.3,2.3220813332060324,96.47199697753382,89.168,4,0
2,2.5,0.32875644967596385,1.7015561292569268,100.0,81.446,5,0
0,2.0263945828587904,0.3,1.1019924368146394,88.49080529007928,93.732,6,0
2,2.5,1.6350748401920647,0.3,20.957563550327045,90.076,2,0
1,1.4027587887198867,1.0001508032531758,2.5,100.0,91.746,4,0
2,2.2881387167830574,0.3,1.43846701304658,100.0,84.048,7,0
2,0.5708794893824007,1.7002923540080022,1.9862775884755792,98.24014717010132,98.628,7,0
2,2.5,1.9229712921774782,1.0604469924295004,100.0,100.26,5,0
2,2.5,2.5,1.1792059182729675,100.0,92.346,5,0
0,2.19371469761761,0.4450040425251028,1.2391070953218342,79.64949028147218,87.958,7,0
2,0.6117895144921748,2.14664141033371,1.3277146923499985,100.0,101.52,8,0
2,2.5,1.6515902858489098,0.9264746432930662,100.0,91.874,6,0
2,1.1233500348569525,1.7317679249251856,2.092721023621766,93.28107912075619,99.864,7,0
1,1.9286000645037136,0.8995791602986892,1.2036843319287878,100.0,81.65,6,0
1,2.3761973724857146,1.5474472268310422,0.3,100.0,83.706,8,0
2,2.3254223920691444,1.629616816207104,1.0712851159806256,58.86218927614957,81.682,5,0
2,2.5,2.5,1.2620162020297871,100.0,87.18,6,0
2,2.5,1.584850253704849,1.7334791718911398,100.0,88.19200000000001,5,0
2,0.3,2.5,1.3965450660987706,100.0,95.412,3,0
2,2.5,1.5368089768844728,1.4113179215591938,94.76633568823907,78.744,8,0
0,2.1104649226573606,1.8153081071579182,1.8874193949939462,62.56238323047408,86.156,6,0
2,2.5,1.3560610446660646,0.45059115790086923,100.0,75.918,7,0
2,2.5,1.7105141379496844,0.9725355488466036,31.193495108427506,87.766,6,0
2,2.5,2.012580070935467,0.3,74.83123984611174,91.84,4,0
2,2.5,1.6603994540649079,0.9022579883544433,100.0,79.818,7,0
2,2.5,0.7661188871456223,0.7053234896261407,100.0,82.378,5,0
2,2.5,1.6819479772349815,1.2036864662401319,100.0,96.078,8,0
2,2.5,1.7863875094448338,0.3,98.3340798431051,97.83200000000001,8,0
2,1.7763522599663482,0.3,1.6746774311072055,93.75827050698717,106.578,4,0
2,2.2428222163433564,2.5,1.2283123338357376,39.19617022614624,99.194,4,0
2,2.3790300021362696,2.473367115938776,0.6455059266618295,41.76386467388299,104.756,7,0
2,0.3216841612013446,1.118817766034768,2.5,24.877534425762548,99.0,9,0
1,2.244252683290083,2.3040970727191734,1.1765730004754165,70.20671769740758,79.748,6,0
2,2.5,2.5,0.5887088680713264,63.0844313400981,90.886,5,0
2,2.5,1.6481291206766802,1.3629658886870757,75.11966472601046,107.0,3,0
2,1.9082755158867253,2.3881068840514015,1.411619801050384,43.15950875624925,81.262,7,0
2,1.8854780099134996,2.472768854266712,2.5,78.88816859086705,98.116,9,0
2,2.5,2.5,1.1365652540814464,100.0,90.722,6,0
2,2.5,2.5,1.3523000656351585,100.0,88.13,6,0
1,2.5,1.2844075122178507,0.9759573906361123,57.337258889125806,79.858,6,0
1,1.2867151158914674,2.5,1.3366279563796915,43.837837080429225,79.364,4,0
2,2.5,2.5,0.8980547934650032,57.45086024660202,93.308,7,0
2,2.2995058799273496,2.404385173106096,0.7666507268937874,10.0,90.07600000000001,8,0
2,0.8940850608416369,1.9325428488128362,1.4416261506566737,40.614317809022374,89.55,6,0
2,2.040018053968635,2.5,1.4310449944107282,65.9213189151244,92.61800000000001,4,0
2,2.5,2.5,0.47987544953960215,17.657116524626822,76.08800000000001,6,0
2,2.5,2.5,0.7371261132335876,77.20673652452419,84.126,8,0
2,2.5,2.0696307514889023,1.735683426561508,100.0,78.84,7,0
2,1.0813104556084199,2.5,1.437872821399307,54.81237506625639,93.848,5,0
2,1.2034089076832428,1.1955509924010346,0.9109102772423463,10.0,93.07000000000001,7,0
1,2.5,2.0892878048294694,1.061416803094642,13.420948784918565,79.92,7,0
2,2.5,2.5,0.9651753876313562,87.83389253349013,89.58,7,0
2,2.5,2.4132291932842502,1.0395648584912667,28.760908953271898,82.622,8,0
2,2.5,2.3127483827761868,1.5684673671526839,36.98058889950088,92.866,7,0
2,1.9646287162689675,2.031953115284593,0.5049982570681064,80.22454939916229,95.94800000000001,5,0
0,2.5,1.0777389482478679,1.2563421882626618,100.0,74.524,6,0
2,2.5,1.7148903128836168,0.6683099976402237,70.30495425133391,77.892,5,0
2,2.165525451849723,2.5,0.3,41.81601630015494,86.61,10,0
2,2.094622262105744,2.185144028256423,1.2663174729062272,100.0,73.65,5,0
2,2.5,2.5,0.7360233511592429,59.63348938444861,81.736,8,0
2,2.5,2.5,0.3,10.0,87.056,8,0
2,0.7174925790467541,2.3683403804797734,1.2184422580230292,10.0,78.662,8,0
2,2.3612391432331035,2.5,1.2018019874199342,53.46044997882483,93.212,4,0
0,2.5,2.5,1.2670891418149806,62.26228690610792,82.31400000000001,9,0
2,2.5,2.1689049755420218,0.501957823413755,10.0,96.71,8,0
2,1.8132159765645217,0.9657799464586025,1.2868486355648592,49.490898656064026,97.378,3,0
2,2.5,2.5,2.5,60.84153720534369,86.622,8,0
2,2.5,2.5,1.1991428160402644,53.22232221249424,106.966,6,0
1,2.5,2.1703544508914416,1.4817622807868296,10.0,67.91,8,0
2,2.5,1.3992845057501497,1.456050691619535,31.122945906306082,93.812,4,0
0,1.3096241550539054,0.9305183994860808,1.8090912350298152,26.41283721246189,80.5,4,0
2,2.5,2.5,0.9490509712740526,10.0,86.58800000000001,6,0
2,2.5,2.5,1.9433300009253354,18.22420150639818,102.128,6,0
2,1.8448426830284,1.575734845306748,0.9002842453921622,10.0,91.304,6,0
2,2.0855077240110975,2.5,1.9794643719316896,38.16267651687825,95.824,5,0
2,2.094086654134447,2.1163768227093067,1.5931878285555072,57.456443605166704,89.08800000000001,8,0
2,2.5,2.5,1.4594087563475804,69.01524410759257,75.47,7,0
2,2.352365744337994,2.3675284490147224,1.2619394522476357,81.54004892269141,72.518,7,0
2,1.881123343462338,2.5,1.2071113061439664,71.48333244891633,84.852,6,0
1,0.3837525491137026,1.2561802783998104,0.5568995580057965,43.48177437203304,76.856,6,0
2,2.3318415092770253,2.5,1.0468673401521853,16.996478698150455,89.008,7,0
2,2.5,1.7006218082415936,1.7986495879905942,37.139115297671275,80.528,6,0
2,2.5,1.869158072230695,1.2501263509683291,40.63731051688828,89.084,7,0
2,2.5,1.6426393088399447,2.096362442616539,44.00268896899914,99.836,6,0
2,1.7613304274153199,2.5,0.3,64.89524140139488,82.384,5,0
0,2.5,2.163742750189903,1.035293648562213,67.72153476308951,86.458,6,0
2,2.5,1.3107738936107856,0.809849330669287,10.0,77.578,4,0
2,2.0842345327796377,2.1643701451719526,1.4744649766291569,50.90065171119165,82.152,8,0
2,2.071027096482261,2.5,1.5346915814181437,80.3803238940335,97.08,2,0
2,2.3329145656735073,2.5,1.3261708928144622,53.66996536478477,71.566,9,0
2,2.5,2.5,1.5474730766907878,57.61358696312246,94.51,6,0
2,2.5,2.5,0.5604627436897048,10.0,62.936,4,0
2,2.3899070595240506,2.5,1.2534669989991216,29.277592904786047,73.882,6,0
0,2.5,1.9104278010336542,1.0606612795199557,32.08036575065436,91.382,6,0
2,2.5,2.5,0.9876757391073873,10.0,88.04,7,0
2,2.2358560580742193,1.226203576712484,1.1391497378986828,50.18052442117576,83.19200000000001,8,0
2,2.4589171156851894,2.028107793671757,1.025449193009597,78.63265089226351,88.214,5,0
2,2.2733768848219267,2.08307883224223,1.1369192007599824,64.0668622973408,87.194,7,0
2,2.236207254861496,2.006546606636721,1.5230207485974634,10.0,87.308,9,0
2,2.5,2.5,1.6398512101924223,16.917751862102573,88.318,4,0
2,2.346449866378816,0.6710211660359394,1.8103512550734304,60.79659027797132,76.69,9,0
2,2.5,2.5,1.1780101758561237,10.0,83.69800000000001,7,0
2,1.7073985152242288,1.9241996217388229,2.4410075220370526,100.0,94.71,3,0
1,2.5,0.893276754781489,1.1581429883843122,10.0,78.642,4,0
2,2.2190236183837118,2.5,1.6545861011187548,19.24054006335623,72.118,10,0
2,2.0272800278600007,2.1626130592895154,1.8488926222272712,57.99782320453108,81.984,6,0
2,0.3,2.0314162148997355,2.2124381919992597,56.69741195100269,89.622,6,0
2,2.343670715191697,2.163656559370973,0.9616312769589643,28.45784520306816,83.006,4,0
1,2.167399467786222,2.5,1.3112738119224598,81.0944989677983,87.12,3,0
0,2.40954639030425,1.540743880973896,0.43735601188141804,72.16181149924387,71.034,9,0
2,2.0966478148440633,2.5,1.2781050910239837,42.986467850341555,93.836,8,0
2,2.0724019622970364,1.2184068919049444,1.04006998845556,10.0,100.016,7,0
2,2.341319620819,1.6182031507911236,1.370682538505296,47.121645297473165,89.284,7,0
2,2.265407035234085,1.5242268130266468,1.8825838854674484,42.78115419864913,75.50200000000001,5,0
2,2.5,2.5,1.5461026770594348,20.83733334436195,77.01,7,0
1,2.2647622516911903,2.223234428405676,0.3073357753389805,67.91253785083116,89.782,3,0
2,2.4412127899568774,0.9156420065481434,1.3902091168211153,35.51105194341217,82.728,6,0
1,2.282456124727895,1.9759992633299392,1.970626752387455,66.37566851315015,73.456,7,0
1,2.249087197254295,2.5,1.3648776992638265,58.21292383485031,95.556,3,0
1,2.023387499022004,2.5,1.7041548664949455,25.44075225792516,79.32600000000001,4,0
2,2.5,2.5,2.2248808032332708,68.87794974663063,96.55,6,0
2,2.5,0.9770553910418258,2.5,26.291644383318967,91.872,5,0
2,2.3622216381614085,2.5,1.2426250534316905,38.306488279019504,88.72,7,0
0,2.3742569865028598,2.2731987994232745,1.077905758423745,24.857780227096917,85.81,6,0
2,2.4959069260030806,2.2977864668314307,1.5223105881583012,10.0,91.77,8,0
2,1.9056263148643906,1.9748825451608845,1.1803356691017595,48.73102517921517,92.568,4,0
2,1.9817169387773994,1.5503399934383388,0.7906559085757161,100.0,82.56400000000001,5,0
2,2.2881502661426896,1.7846548984958177,1.143551440061997,68.95853081344909,81.656,8,0
2,2.1098938907587614,2.480928230242697,1.59472630391843,56.08647883100971,94.48,2,0
2,2.1678227682074653,2.5,1.5863286175454197,37.29337613458509,86.44200000000001,6,0
2,2.5,2.5,1.4796223093652983,62.42922929584773,80.63,6,0
2,2.234580145975632,2.5,1.1477662293247712,45.9719420328209,76.17999999999999,7,0
2,0.9231079737999659,1.900085300809017,1.2614433712887525,100.0,84.41,8,0
1,1.1487920027057807,1.2890997300127363,1.3859799673072317,22.079002752646083,80.136,4,0
2,2.2965568195273507,2.5,1.5813752829003171,39.35558528296453,73.41,6,0
2,2.298014549106,2.1989740851111406,1.3661541612468326,52.552418903150944,101.174,10,0
2,0.679133804302311,1.5403388932102153,1.335868378907895,56.17296432229193,93.548,6,0
1,2.5,1.5784801449709862,1.2413496045491652,11.524206720588708,99.086,8,0
1,0.3,2.5,1.404121299164611,92.20733983260506,84.112,5,0
1,2.1196996878350465,2.049005016575432,1.0888430543063339,94.76053514062791,88.55799999999999,2,0
2,2.015218798383482,2.5,1.4075924211461737,55.69552890664744,99.96,7,0
2,1.882001886098666,0.8288469990626448,0.9540229575308828,62.19876153824291,90.654,7,0
2,2.122234515509103,2.26186241398763,1.3673466186871845,46.28088086004464,90.4,6,0
2,2.2694708876352228,2.5,1.686504163863737,38.698266876783165,87.688,5,0
2,2.3271850554154785,2.5,1.7895184462097422,13.072855440728475,106.744,7,0
1,2.045413232426503,0.9859330248627076,0.7203134087103347,74.1657753114797,95.356,4,0
2,2.302180253565722,1.3483437545944121,0.38905813172517023,84.00691963809885,96.44800000000001,6,0
1,2.412693193402958,0.7283719193447011,1.0148652766109691,94.31901240789531,77.77,4,0
2,2.109125883933537,2.5,1.4906939599348303,62.79123739282946,99.838,7,0
2,1.9136280121589466,2.5,1.1184712453304417,38.05557182611801,91.99600000000001,6,0
2,2.2312720296501367,2.5,1.9549755410268759,55.45745346260473,82.974,9,0
2,0.3,0.3,2.5,48.77299159788991,81.406,6,0
2,2.1875048789236264,2.5,1.1832707498840964,64.39944187325727,95.48,9,0
2,2.341492777725042,2.027125570534648,0.3239301529359352,46.40835772587941,85.05,7,0
2,2.2896373709714335,2.2061153274855885,0.4947079297667014,30.507051965845477,100.634,2,0
2,1.705191678935421,1.861501530346562,1.3968802958696422,40.163258097127894,78.02,6,0
2,1.7716967248231443,1.8114472140891213,1.57336269165948,39.63413995319466,99.97,6,0
2,2.3510174063331517,2.5,1.1141951288281182,57.80935678660181,86.048,6,0
2,2.2784006166600475,1.8272291705607768,1.373063993347563,88.10146035968978,92.918,6,0
1,2.314597066029365,2.4780658384494614,1.1017281265865948,47.9918280332006,95.632,8,0
2,1.7790015649197772,2.5,1.8819715287392744,64.75064503511196,80.154,9,0
2,2.092738485949721,2.5,1.0526859000647575,79.16256109913374,89.528,7,0
2,1.4168690654997809,2.2591884825357877,1.5272293026919468,82.94951706466472,92.312,7,0
2,1.5967333089096738,2.3047081168281136,1.078390159331438,49.44024207302155,82.97200000000001,8,0
2,2.07828422675091,2.5,1.356151894734644,51.584741468030565,82.044,7,0
2,2.4296272071218366,2.3816576936058675,0.939812611990472,38.75319470686299,102.518,4,0
2,1.5031771351028786,1.5749084527169182,1.1249898308497597,55.31436344697019,80.214,8,0
1,2.249978245266977,2.44053015504468,1.4210741848748376,32.454172621529914,77.714,7,0
2,0.6835937891842485,2.5,1.281271449364526,91.1283529214088,83.26,4,0
2,1.0544428623926052,0.57295350342635,0.9863905131830659,54.193017732065485,95.42399999999999,7,0
2,2.253058611310401,2.5,1.4720580320342094,58.03071232993262,81.10000000000001,8,0
2,2.3204365615988407,1.8854342291284318,1.2346515405314864,99.27660000995013,101.95,6,0
2,1.9916894613486704,2.5,1.2059919030802495,40.78410372887523,90.928,7,0
2,2.406350550218079,2.5,1.4711351991784973,43.33194063340103,89.514,4,0
2,1.9592350967260719,2.5,1.0029783545560218,100.0,85.872,8,0
2,2.016779913629141,1.9697509930392108,1.2815120016228627,69.04327909425533,99.68599999999999,5,0
2,2.188321708327204,2.5,0.4605215070671883,100.0,98.686,5,0
2,2.3420416042977554,1.5978410538092962,0.7942755339772866,29.905740971285482,86.712,5,0
2,2.1724450282176626,2.5,1.4800586904319117,42.66413166010325,83.558,5,0
2,2.2915772360608586,2.5,0.847884755628149,48.639854315233855,80.17,5,0
2,2.0806535124539853,2.5,1.7556748708447105,36.07359292064227,91.506,7,0
2,0.6482861307106831,1.782532142565675,2.452544103782923,51.166220257111064,83.022,5,0
2,2.169146504218883,2.5,1.1861375576191049,73.84295519851212,83.576,5,0
2,2.482686484669626,2.0903239221790666,0.3,52.479594887703165,84.162,2,0
2,2.1438722468935114,2.248118650151154,0.3,54.13964188623913,88.946,7,0
2,1.9652915467094314,1.852796502093967,1.1786203131722783,37.262742890841224,81.688,7,0
2,2.183722343786962,2.3340916297820495,2.014825492342303,10.0,105.394,7,0
2,2.482098439765937,2.5,1.2485013048256204,48.34106425500154,91.758,5,0
2,2.36455346989539,2.3179094888993625,1.2837627163054528,33.72890845292057,78.15,9,0
2,2.5,2.4805149588779654,1.0767220585122674,52.79642385585782,72.558,7,0
1,0.3,2.5,2.077643229930124,65.02412995846716,69.348,5,0
2,2.4327268198420597,2.5,1.1395144035456815,65.61641170635967,99.302,7,0
2,2.2880459738676198,2.5,1.3708479621668443,76.34202652421236,79.908,2,0
2,1.5286392368044806,2.5,0.9639691325701314,31.440791924248188,93.002,7,0
2,2.169183506456545,2.5,1.5528656354174188,43.02980544349461,88.552,6,0
2,2.4048433342319027,2.5,1.0419351801417578,29.43402773275858,98.53,5,0
2,2.051584358444882,1.9690321081673756,1.9763507691343616,70.35136848051792,94.122,6,0
2,2.154743933216582,2.0763246206625525,1.1317727698634448,22.81137406482602,99.272,6,0
2,2.3310558638422485,2.5,1.341854973820345,91.83020089216913,96.992,8,0
2,0.9416949226560355,0.3,1.2581174761125986,20.22947363300168,87.236,5,0
2,2.1639942870891344,2.5,1.2779726382780656,38.65381771825628,91.298,6,0
2,2.5,2.344299446581261,1.4467905242609538,90.91937570461126,90.78,7,0
2,2.0746715509540543,2.5,1.2774869607463346,38.40022913953851,89.258,7,0
2,2.3946544963656016,1.8974734876755075,1.544798879828463,40.755868994807024,82.27000000000001,5,0
2,1.889698524948235,2.088444923931791,0.3,100.0,87.63,9,0
2,2.0662884341044054,2.5,1.6341296251361581,23.715740183304646,77.226,8,0
2,2.1154480895801955,2.5,1.6321364010070267,83.70291012482302,72.934,5,0
2,2.1137973072900555,2.126049506188522,1.6037517087009858,50.22058944766876,89.546,4,0
2,2.251443217689146,2.5,1.4248483995612378,48.536048242683975,83.846,6,0
2,2.5,2.5,1.5461759659599896,45.463427660668096,91.56,8,0
2,2.4493324408078325,2.5,1.1610492166870028,72.20057425179088,86.194,3,0
2,1.86241185819312,2.3303928303529418,0.840068900044787,29.03260460799858,79.176,5,0
2,2.3351593978939156,2.5,1.234032951957925,32.94080690207483,89.74,5,0
0,2.3461706088485745,1.7276660020520076,0.3,33.520930306475336,86.84,5,0
2,2.366679098626908,2.5,0.36009618434107893,31.184574405055642,77.028,6,0
2,2.224759891937379,1.3100107027439725,1.1467004387252295,47.63620998406283,97.012,7,0
2,2.2491250221983115,2.4613655742766363,2.243437236400799,18.415590130845985,88.634,5,0
2,2.242517506896842,1.910828007502602,1.0967639410105439,64.421061487971,76.44200000000001,6,0
2,2.3493095323187365,2.5,1.5790578947004152,40.28205852933859,89.13,3,0
2,2.5,2.4856409092482847,1.616662786077244,11.769400165682342,87.128,7,0
1,1.1779671290824334,1.7408506509651533,2.1159848801618284,43.37459331826736,75.5,4,0
2,2.4609835400677165,2.5,1.2382780692016075,20.960046145094907,94.742,8,0
2,1.311739483204863,1.6091463187050667,1.2272535063014276,49.26331114844598,92.266,4,0
2,2.1403739189321205,1.9307577202441981,1.0637592254220172,28.763272753757978,94.458,8,0
2,2.2114744292959365,2.5,1.8619297519336038,31.94167370226387,101.136,4,0
2,2.151931222946816,2.5,1.2061171960127126,26.4937038662666,84.83,6,0
2,0.966436108720693,2.190053695661548,1.8962878590882184,70.40819704137516,105.678,9,0
2,2.107094084077802,2.359386942213285,1.0563019083405232,24.2530394810737,94.182,6,0
2,2.4725063272801404,2.5,1.3722396820628284,56.642414899905134,107.818,5,0
2,2.5,1.3294194557168788,1.2402874274135416,68.10915112320768,104.28999999999999,0,0
2,2.1328305986120206,2.5,1.217175635089402,51.08986697896776,93.498,6,0
2,2.3773475669241124,1.952026704543435,1.3399756345243994,55.600855309210345,77.43,4,0
2,2.2334127077748858,2.2971936780835827,1.3281796274275028,37.16488817103968,79.746,8,0
2,2.4621424504376592,1.9675424556644376,1.6960683720422034,38.32427305274673,92.884,5,0
2,1.9855140638901712,2.1989734751524193,0.7897366019956817,65.98257929794433,94.7,7,0
2,2.1989837231959237,2.473402985951445,1.2481717256084377,17.031390722398648,93.026,7,0
2,2.1690471831363207,2.5,0.9727589075511333,27.799115966941237,87.566,8,0
1,2.226369659201067,1.5807524909843147,1.6146851572920382,100.0,82.748,6,0
2,2.0910259135437985,2.5,1.2090136089321852,58.93695957595626,85.14,9,0
2,2.2436729143097054,2.5,1.5709843743263132,32.27155772687916,80.968,8,0
2,2.5,2.5,2.151016435725322,85.70754893314574,88.402,5,0
2,1.8724697892224007,2.5,1.7246639499022585,25.229669884762913,98.378,4,0
2,2.4066434686581335,2.5,1.252133508419403,15.562020858991986,93.142,6,0
0,2.2844884840394917,2.3205504505514165,0.8252717760085091,33.61475321499657,72.32600000000001,6,0
2,2.3109062739210593,2.4135306318752514,0.7485137528118736,23.06623464019563,96.108,5,0
2,2.3085705595326904,1.7479845964144,1.3767065661601408,55.146145316437064,91.47,6,0
2,2.1357911090292316,2.203795816722755,1.2032870087860226,66.16910675647591,94.726,6,0
2,2.246691695695018,1.683218592651631,1.1479899262104452,47.35668078955269,83.092,9,0
2,2.2358473200450373,2.2525076588708295,1.943071076056372,63.94166559238121,87.272,6,0
2,2.2184348265911296,1.4250493865768648,1.8040641038497702,47.64054645842777,86.112,6,0
2,1.4800900175508722,1.0659213058660924,1.2638405013131229,25.27927827216511,88.22,7,0
2,2.443726336933699,2.5,1.1990610497373586,10.0,86.548,10,0
2,1.3715913146554883,2.191852665197077,1.5802743965349872,58.514906808733265,77.292,7,0
1,2.307194860389022,0.8577598043444241,1.3424237607290517,40.15092502840456,77.446,7,0
2,2.24392489235993,2.5,1.6277091150403347,29.47369324085769,93.626,3,0
2,2.362000170498961,2.5,1.303397351678371,38.44224369532465,94.032,7,0
2,0.6577635676851862,2.4990088969695328,1.3505031869879909,69.09967360525636,80.634,7,0
2,2.2453650378307706,2.27961848508081,1.234764171078886,34.71886345728844,86.876,5,0
2,0.3,2.5,1.2279485871284237,60.0449043860803,97.102,7,0
1,2.2057047312695937,2.4413888813385456,0.9027890650861209,58.73400961727167,75.754,7,0
2,2.1927009568066924,2.5,1.2227908113401402,55.568558395666145,83.626,9,0
2,2.1941664532552103,1.4259783159000208,1.2089798209901441,33.44058624927895,100.984,8,0
2,2.2731270333314857,2.229467195851634,1.2430830414898077,39.28449424633546,77.194,6,0
2,2.4113752640616353,1.7088907897039474,1.4475151111667355,40.130076472736015,93.53999999999999,7,0
2,2.193607454847296,2.3952727018201996,1.2363197771904948,10.0,98.622,5,0
2,2.304335504500681,2.2762907435338464,1.0177898099321836,50.53713145072229,83.404,7,0
2,2.267553302349495,2.5,0.4738878787797075,31.1309423517706,75.04,6,0
1,2.3214626954328237,1.1540968578599984,0.7347362745108967,83.9970535292346,98.012,2,0
1,2.182778107620684,2.5,1.4569758780126425,59.89021225654261,67.396,7,0
2,2.0622505643712663,2.5,1.1601793564399934,33.02947387483608,93.168,3,0
2,2.5,2.5,2.1930278941729062,34.137181198443024,82.49600000000001,7,0
2,2.394756829826758,2.5,1.8581748367022544,34.96977457643971,82.918,6,0
2,2.3185125444338053,2.5,1.1832853743864513,83.76999784559825,86.268,3,0
0,2.360187301128888,2.5,1.1619874214763546,42.118915642828625,77.018,6,0
2,2.1759358270013984,2.2967730503836945,0.9925977532311308,35.556184476589614,73.444,8,0
2,1.7872134472596357,1.8544501902252253,1.2807525657815526,40.78975956158547,94.108,5,0
2,1.9746546741236437,2.419178746576962,0.6475354441021998,39.07626580382792,89.242,8,0
2,2.369342645863366,2.5,1.2082809742932976,100.0,89.214,6,0
1,2.176914711190456,1.5932945893831498,1.1661355418862143,66.43854087989718,93.862,6,0
1,2.3607888362944345,0.9946711089855518,1.444990521289399,61.98599496990438,75.056,8,0
2,2.2027285283013027,0.7359314797255352,0.7454948737677876,44.719297667547124,79.978,4,0
2,2.1696811111770535,2.5,1.1757056712892717,55.19986060198222,91.032,7,0
2,1.32147114650215,2.223975099469936,1.809103675098346,48.70176947745456,83.9,9,0
2,0.43121637260173795,0.9178572988018754,1.3198085849531003,45.20027020094928,90.742,5,0
2,2.2500530027431926,2.5,1.4924429890289013,36.75481940146561,77.958,8,0
2,2.5,2.5,1.0446211418100633,46.63653033781881,91.98400000000001,7,0
2,2.262511803285331,2.5,1.090194245101229,88.98740850138938,76.242,8,0
2,2.2545811518910677,2.2337280634217995,1.3105857997302408,40.543818141377145,86.188,6,0
2,0.3,2.5,1.1848467171398849,57.21833156033898,84.478,7,0
2,1.2176790476063055,1.192746906715215,1.116767854267387,28.78088349922966,89.146,7,0
2,2.148013013335835,2.5,1.4312666412817152,54.685483819995945,103.488,7,0
2,2.2062379904069838,1.0745432150324414,1.1754255654361008,100.0,84.56,7,0
2,2.1350701073734966,2.4962603541065045,1.2524541629829595,45.27508440950152,87.524,9,0
2,2.4828923850335176,2.5,1.7038497109388613,45.24002349090547,83.068,5,0
2,2.390408144344331,2.5,1.5446681506784603,10.0,83.5,5,0
2,1.9560791432766642,2.2001214251798706,1.3558531264384859,61.207672442181995,88.994,3,0
2,2.185897043679946,2.5,1.1989055950725096,69.62860229030959,91.742,7,0
2,2.258786429263445,2.5,0.5583091390361676,71.45255726937448,82.762,3,0
2,2.246392759431336,2.5,1.4315312438161654,43.37537184497735,90.648,6,0
2,2.2619137840168295,2.5,1.0378888308127205,42.149977022678286,87.868,6,0
2,2.1548749708812274,2.5,2.0858717456391465,10.348838425889078,78.292,7,0
2,2.5,2.5,1.5986015829720013,44.158463254239706,89.804,4,0
2,2.2908065839786635,2.5,1.1611877240074893,86.79018645545128,68.278,7,0
1,2.314545903673175,2.0097797550398284,1.0557143976865668,50.42143789271554,78.418,7,0
2,2.2069725849287787,2.45268883081335,0.5363793028314944,47.351821658963,106.128,6,0
2,1.5823785682519804,1.7504883287810031,1.2083910818145025,39.29616893758825,83.72800000000001,6,0
2,2.012639123316356,1.9594300174072032,2.2320788847743094,20.557261577333282,86.124,1,0
2,2.487911637089552,2.5,1.2590864035051454,100.0,92.526,6,0
2,2.1442459850276374,1.4418787359232412,1.3932456633435861,56.4192250592363,86.536,5,0
1,2.5,1.0689134559693256,0.9487286240940791,67.15797307543286,101.854,1,0
2,2.3464228566674064,1.7036121666569786,1.0077071004882834,55.72393743086553,94.816,5,0
2,2.340935707416202,2.5,1.1683451485463663,83.41033996032199,90.762,6,0
2,1.972575862881226,1.9646977972163877,1.7302166301863815,46.995945608127265,79.176,5,0
2,0.9446707480210199,1.1787715990796974,1.1368928366827187,36.08906222564925,87.906,7,0
2,2.2408626668604437,2.5,1.3781648491188812,40.061661087815345,83.486,6,0
2,2.2528974930420067,2.5,1.110048578048575,33.55935101193807,80.95,5,0
2,2.5,2.045593571375531,1.5121712332716428,100.0,71.962,4,0
2,2.1922347884175415,2.0256252558393255,1.0863747490300346,31.035850896755747,104.682,8,0
2,0.3,2.5,1.2512265168710803,61.023524144693845,102.132,7,0
2,1.0730965871533267,1.7310005143394467,1.2391177924419177,36.924523146089584,82.098,7,0
2,2.0634162060254697,2.5,1.2631194000602926,54.258542528627665,84.594,5,0
2,2.340415294863472,2.0020590739562083,1.2716654702018422,93.11671755830615,82.03,6,0
2,2.1624168136555095,2.483075946076694,1.3018278664188603,43.94473187669234,98.94,7,0
2,2.4606595786515926,2.037709926258656,1.7305209712995335,44.59507838431809,94.484,7,0
2,2.180245849194472,2.5,1.249617020102324,29.71660528036257,92.304,8,0
2,1.7797209846599369,2.1110835214989496,1.4015564682343404,48.48907239083836,93.362,6,0
2,2.2058509066647174,2.5,1.121913770288686,100.0,105.30199999999999,5,0
1,2.2083150111808054,1.7948035406320006,1.4020395319731487,60.628317628901804,82.228,5,0
2,2.222671977669348,2.5,1.3380801232484822,56.8495643577817,86.434,8,0
2,2.3627795312311335,2.5,1.0481626874488428,43.415522730866144,79.792,8,0
2,2.1603167492490924,2.5,1.177951890094672,83.47537393611884,87.556,7,0
2,2.5,2.5,1.5199623225911183,30.29678079728523,90.70400000000001,5,0
2,2.292792038473891,2.5,1.2299404930898314,10.0,89.078,6,0
1,2.3228972318187946,1.717954811265672,0.4696675979063736,49.139183831538055,78.644,9,0
2,2.3830633466789166,2.2917605382497848,0.5535693441711147,43.127700453744836,88.506,8,0
2,2.5,1.4459290689746773,1.1984710537842287,46.57711099347418,99.568,6,0
2,2.2530580073546944,1.897695660012545,1.35246216705124,11.753096814656745,89.144,8,0
2,2.5,2.5,1.0303837013460677,53.40738199516788,88.316,10,0
2,2.4255967131527694,2.5,1.7265204395193812,43.22110991913191,79.878,6,0
1,2.4046332316699526,1.2959696145794792,0.8593826733236676,56.98769052667654,92.498,7,0
2,1.6139018254042283,2.5,1.5016929715093112,47.76909683024404,89.296,10,0
2,2.4645539097992257,2.5,1.2275537515250967,41.269366546341615,98.884,7,0
2,1.4531830316245367,1.8891223619238784,1.9427333010128933,44.1362085478623,91.59400000000001,7,0
2,2.5,0.7362449243823874,1.1563416800351656,28.967111587781968,86.124,3,0
2,2.2317638981040253,2.5,1.6457561507283556,34.58828962828292,97.254,6,0
2,2.2375835434547424,2.5,1.1447974901291238,22.8086730954724,81.122,5,0
2,0.874113443677667,1.5607123232631377,1.972273024578515,80.55767686352591,89.376,7,0
2,2.1422366097642875,2.1784673578676945,1.0964973660700303,26.488342366173917,100.428,5,0
2,2.5,2.5,1.269778375992795,54.97682313495912,90.792,7,0
2,2.5,0.7677509912425337,1.2051510230777056,49.74664565216155,72.9,7,0
2,2.0988564173776414,2.5,1.2407979386869337,42.2105220403751,100.92999999999999,5,0
2,2.362386460792084,1.8315230911543239,1.310868634388289,55.1699759472826,77.46600000000001,6,0
2,2.2902768038091104,2.4840167087078435,1.312795534936638,42.63632034575951,90.574,6,0
2,2.4113114546084065,1.6048320923938977,1.6160511746534107,39.849627901242,94.276,6,0
2,2.0463653140479767,2.5,1.0113785889992872,51.41233516644127,73.514,4,0
2,2.1644004636693186,2.2759419627989765,1.2604152825476056,35.48235387191349,86.03,5,0
2,2.207896219498188,2.5,0.3017393340549055,62.40714349108181,88.504,3,0
1,2.180009803613742,0.7802154668801005,1.8303564892436432,87.92349648658032,97.078,5,0
2,2.1235346078263895,2.5,1.365785576565226,63.01511033932447,84.622,9,0
2,2.20722515672981,2.5,1.4678842092434423,39.42457746017913,72.89,4,0
2,2.4281384061505693,2.5,0.7690968501131465,99.68362456197116,86.524,9,0
2,2.3015934213861073,2.5,1.2336957952983214,31.49104081860389,96.364,8,0
2,2.2847329215927257,2.5,1.275756598078753,11.142478154047538,81.004,9,0
0,2.353253108203464,2.4669356885788645,0.6388904446889749,36.61226403727743,75.26,4,0
2,2.4408481101529667,2.3070633472978797,1.29952132526225,29.425933015856057,89.738,8,0
2,2.5,2.5,1.2100717621187809,45.612204609787916,87.138,6,0
2,2.360728478949996,2.305260705330569,0.6770784697619906,48.99522068191677,99.178,6,0
2,2.1926810813420463,1.9639036869995572,0.9734531414651121,42.32134295014252,92.506,7,0
2,2.2369396659384932,2.5,1.7557740141184164,64.39360973373255,88.292,7,0
2,2.217821738360826,2.244664731514585,0.8633970351689273,53.62195283068269,91.282,9,0
2,0.8894057104640618,2.5,1.5804106960779776,46.719704716221,79.306,5,0
2,2.195755183865536,2.5,1.161865280972203,26.398081068781394,76.49000000000001,9,0
2,2.1321236775476065,2.2510660957156463,2.216421415415462,100.0,89.444,7,0
2,2.5,1.3369600659956913,1.2281480236159596,40.47182123687242,84.394,9,0
2,2.2067014965892273,2.5,1.4015805114529496,32.04993024064429,84.03,4,0
2,2.455388619982543,2.5,1.0381012225801765,41.46209258825998,77.87,5,0
2,1.6901187104292321,1.5369631879725703,1.0212730600805915,66.19878222684119,95.106,6,0
2,2.194862543702067,2.4295143335348306,1.2579550852289332,29.077307739506352,89.22200000000001,5,0
2,1.6955006718037966,2.5,1.243823610101474,31.420384539493405,97.17,8,0
1,2.5,2.2462515254092525,1.0796624295198978,51.40960175961695,85.236,6,0
2,2.12741370073044,2.5,1.2236290794328253,32.1648724465135,95.954,4,0
2,2.212141685356233,1.2764244478854825,1.2302130036591357,21.976979465447393,93.792,4,0
2,2.267347141524628,2.4973580008880565,1.1966913831272323,41.884565179416086,108.184,3,0
2,2.3133430972088,1.905589353595536,2.157667333953852,41.53386078506551,95.42999999999999,4,0
2,2.027518974555785,2.4393147015052943,1.1656808736456423,10.0,87.546,5,0
2,2.3359923268941007,2.37437116772904,1.1586647351462513,42.8093092977879,90.572,7,0
2,2.2306765245728855,2.5,1.1308867056814869,58.444913567727625,88.974,7,0
1,2.2967944456537817,0.9257287254814687,0.7899265003429132,59.19530061734724,80.506,5,0
2,2.0728922922066952,2.5,1.4476669951088297,38.8709324377927,98.05,9,0
2,2.125144908782309,2.5,1.3529842912959478,36.11868887769093,84.72200000000001,7,0
2,2.4150273419055472,2.5,1.9059117631228961,12.436118222611611,91.872,10,0
2,1.7771679680098766,2.5,1.2941641837999283,26.309747071114668,93.81,5,0
2,2.340539479207557,2.5,1.2425101614335212,70.42736477529212,88.766,5,0
0,2.490289697330685,2.5,0.6217788901759053,33.696469653478694,79.458,6,0
2,2.314979568211961,2.4166830602200164,1.15311328409946,22.914936271980746,93.008,7,0
2,2.5,2.5,1.2262949940219385,36.80536680921777,82.982,8,0
2,1.5261402239552742,2.5,1.4865158616400884,52.22367841203479,86.12,7,0
2,2.3503434022874723,2.064323680296761,1.0395713612562025,68.46428455469785,95.606,5,0
1,2.1924624288918455,2.5,1.4230666058338515,67.98379235483061,83.906,8,0
2,2.433691824315009,1.4541099512748858,1.0212165470803563,54.884978833655474,84.174,8,0
2,2.016003475151212,2.363177452924403,1.5749084381513552,54.63890997988763,88.312,8,0
2,2.3725253621432856,2.5,1.148066805513,65.66638907950454,78.988,7,0
2,2.2441640950167487,2.385324894120054,1.4961539012986187,66.2716493301381,95.714,8,0
2,0.5323554710466527,2.1575173645447783,1.2434125625394796,47.005185605847224,85.188,5,0
2,2.2428866632136644,2.5,1.2692721041415775,32.16568647727681,84.322,7,0
2,2.5,2.5,0.9808207294844609,35.91237228967808,97.282,7,0
2,2.244408022832626,2.384497691498898,1.0098626430265734,56.71238093120811,81.04,6,0
2,2.242345476874134,2.3614560065170216,1.2172926072298804,33.06529158362618,90.126,5,0
2,1.1905872453567672,2.5,1.2158721252546223,60.243578454234026,89.348,8,0
2,1.7881311766524761,2.5,1.064099313023478,55.201882488439395,85.586,3,0
2,2.2308112020440216,2.5,1.23173400529621,36.029199279316195,79.668,6,0
2,2.2414338145070736,2.4583782580659927,1.2340965356586022,55.347203106494575,92.908,7,0
2,2.1173884778823826,2.4958417978978775,1.221831194754561,38.79112492313593,98.226,6,0
2,2.402669441515465,2.3118170556119733,1.6790772316433573,42.95098688364609,98.694,8,0
2,2.478036921197633,2.4135707672653037,1.2793247882904828,10.0,88.894,5,0
2,2.315973249253626,2.3293388860785447,1.318995624684992,80.67050535060613,86.242,6,0
2,2.2120571297156495,2.5,0.8027916070816348,93.64934246439915,98.02,8,0
2,2.3564247123724735,1.4602803709719372,0.8078835044449759,71.66063794458964,95.256,10,0
2,2.2168506159243693,2.5,1.2566249685437432,51.47942454515447,85.882,6,0
2,2.2182432078397363,2.5,1.1251090876777536,38.175392430821304,89.148,3,0
2,2.456731872290935,2.5,2.35560350069814,18.872718177294978,80.45,7,0
2,1.4585203636267021,2.5,1.4056930860939825,23.60722844830833,85.34400000000001,5,0
2,2.2914799640450383,2.5,1.1799041929048701,63.59877640829691,85.056,7,0
2,2.5,2.0360854698762987,1.116530772156349,49.18515260319455,89.75,4,0
2,2.1283345052994225,2.307499218526275,0.49557652753411285,31.110650215890402,94.804,9,0
2,2.3000269340546344,1.304556148407261,1.219740093898911,46.35724690256096,87.05,7,0
2,1.006483492350585,1.8046029289495324,1.9410512124902064,48.000963511468285,86.566,7,0
2,2.432598775476838,2.2716201390794075,1.1111208720708714,79.59428434250863,99.974,8,0
1,2.2208916889010815,2.23131301456679,1.3047347902969142,60.598652267583105,84.99000000000001,5,0
2,2.5,0.8648191980399876,1.2118660624079585,44.198523605175176,105.792,7,0
2,2.5,1.4546804182185356,1.8997663335070494,56.1108770638286,100.622,8,0
2,2.433249523991969,2.5,1.2353890446577176,67.5403382904977,95.792,5,0
2,2.1750988561785247,2.3388243346751727,1.0484340789455011,10.0,89.062,6,0
2,1.9703065943128424,1.2299673673878533,1.2100542427834717,42.26594709411523,90.912,8,0
2,2.2348672259388986,2.5,1.7873304592607178,36.322265177148374,82.898,7,0
2,2.395196088642499,2.5,1.168563077449688,27.555344304169793,86.264,6,0
2,1.0046547047834082,2.5,2.0113479016116775,65.67830031634917,95.00200000000001,8,0
2,2.1474351443027553,2.4581674956438806,1.19067808861249,37.5358652901814,85.742,7,0
2,0.835389380237536,2.5,1.2479907972857252,80.50219413647847,92.242,1,0
2,1.2537090109483868,0.882501622236529,1.1516962516345068,47.98511970213042,81.194,4,0
2,2.2470053711196796,2.5,1.243137580805034,45.81784963920655,87.404,7,0
2,2.298930242360087,0.970613691999415,1.2606767314987155,83.64992386396277,89.64,8,0
2,2.019273947903941,2.499256737250855,1.2452033787542793,37.01487069449387,99.002,8,0
2,2.4727304592751,2.49579912029519,1.0795508571408412,41.30963030777519,82.804,9,0
2,2.2544042297396736,2.4437395740108148,1.290802186947917,34.64118401871064,81.286,5,0
2,2.0149612799915744,1.931981758499298,1.260184431900626,84.86464094809408,96.6,5,0
2,2.195194655120103,2.5,0.6605594405691322,90.51452516983767,95.838,9,0
1,2.3005860055789955,1.7134520051708682,1.2347328586896156,44.08533599449708,96.076,2,0
2,2.327927121413749,2.5,1.1661016543411755,60.77040152056213,90.0,5,0
2,2.32274626720003,2.5,1.0953065804133548,40.79920294932198,80.16,5,0
2,2.4793195448569167,2.5,1.0555080322469845,47.061300581167636,83.974,6,0
2,2.5,2.5,1.805400498964215,29.90863164613531,86.202,8,0
2,2.22147984380289,2.5,1.183251951904891,13.791197298323532,84.498,6,0
1,2.4463009480817393,2.2976887593920345,0.6876092777288109,51.03602375208383,79.73,7,0
2,2.208373995737953,2.4191563179228748,0.6350699020647064,37.43538176865678,81.812,6,0
2,2.284075306602371,1.8087907993532286,1.2225915259786937,52.41757649144915,97.182,6,0
2,2.266215593684665,1.4481347096345671,1.4888007059297144,37.9389464667993,98.06,7,0
2,2.2989087229417926,2.4250171952339232,1.1475440241809725,47.482549134247364,78.458,5,0
2,2.282172344317962,2.11567800865363,1.4768395666204435,56.58919027807655,97.4,8,0
1,2.5,2.5,0.9915605725959278,53.04914587108524,94.834,3,0
2,0.46586484697059793,1.2717685073730305,1.5634105176327455,44.02781864178682,93.29,7,0
2,2.3868981340127426,2.5,1.262079738551464,57.14859240411043,87.368,4,0
2,2.145464463396008,1.8969092982021363,2.0794555264416954,27.943409260904325,99.95400000000001,10,0
2,1.691039133220102,0.3,1.1320586125214434,25.14913108246292,98.214,7,0
2,2.2389668578719064,2.5,1.6543214781393747,38.897046003583405,93.894,7,0
2,2.202006480503009,2.5,1.334730912362116,27.63023427019904,100.636,6,0
2,1.353783207113882,2.5,2.1858154979816717,95.67465900228845,88.828,7,0
2,2.207649513237577,2.1718212451265786,1.1448739117312836,37.039777500068816,88.93,8,0
2,2.361031286663056,2.5,1.2630876328946468,26.559584696918392,88.18,6,0
2,1.1144815106355233,1.9369634619769847,1.1225314905238255,41.34428602714834,93.846,7,0
2,2.068616647026802,2.5,1.2447740889352248,46.88633559433117,98.884,5,0
2,2.2978154203686154,0.4005567455164607,1.258201983751098,72.82774361184622,88.652,7,0
2,2.014734380751221,2.5,1.2208604972458938,37.660421645312624,85.43,5,0
2,2.426364835674173,2.0016617240485006,1.7400362974746324,40.67511632568453,81.402,8,0
2,2.0457903440882905,2.474118908823318,1.166532016802759,22.43670456199517,91.66,8,0
2,2.027270212353867,2.0095445602682775,1.2055618102180266,72.12161388600886,94.856,7,0
2,2.174401982433392,2.5,0.9344200245575691,17.92728760495916,92.202,7,0
1,2.1798128852224443,2.2659726751439364,1.5703507291561913,32.557587348945724,87.97,7,0
2,2.22506865970945,2.5,1.468853113205888,65.01035398970193,96.468,5,0
2,2.3438553978388548,2.5,1.3116331341706036,39.7861457588079,100.974,7,0
2,2.312482017322989,2.5,1.9761695306706684,67.16386821039566,87.452,7,0
2,2.5,2.5,1.8229453782353926,36.27401180238681,101.374,5,0
2,2.214110765105516,2.5,1.2170996912856684,34.61023669907597,90.944,7,0
0,2.4275840406173947,2.2832317012809007,0.5360821181414981,40.559776984533556,91.4,7,0
2,2.3154404574165355,2.266046777372845,1.0233638169723376,40.72547020598219,84.75,7,0
2,2.5,2.5,1.198516315182699,37.38853474906844,80.53,4,0
2,2.405928753045547,2.5,1.0220985681893344,32.222263179020565,82.0,8,0
2,2.183550248681573,2.3511840845669374,1.1653172333467259,66.65338704867577,100.268,8,0
2,2.286838289576261,1.861862555661383,1.8652380939360669,30.271010626642745,89.176,7,0
1,2.154459043865896,2.5,0.9756224396813493,48.393200389121816,95.212,6,0
2,0.3,2.5,1.590760502383073,36.31466547597574,88.842,2,0
2,2.218542480423306,2.5,1.2100510930407915,38.85520887659062,94.788,8,0
2,1.4364787820941252,2.289555722643799,2.5,100.0,76.298,5,0
2,2.242710419017377,0.9382393237989135,1.1399826641591606,25.33681920814578,82.092,6,0
2,2.2085240498366483,2.5,1.3438264387234624,40.81708933428035,91.696,6,0
2,2.410421077279938,2.5,1.07542812207886,42.045334641898805,99.682,5,0
2,2.166165017729123,1.836772177153812,1.510242651319397,52.35212564864078,87.976,7,0
2,2.2284308914394657,2.379239075275317,1.1974017915581219,27.03378059885113,97.34,9,0
2,2.2113376814501224,2.5,1.2589904518083106,22.649781156391892,82.062,8,0
2,1.9055895062705883,2.5,1.0190347141934992,36.489024048353436,103.028,7,0
2,2.180111442619506,2.5,1.2354092450884295,36.36776011043691,100.216,8,0
2,2.3486128040810343,1.7415604978781707,1.26366660453593,64.68147883214334,70.946,9,0
2,2.1936246223450224,2.4995054035954873,1.213854393535838,40.41017156074559,94.22200000000001,8,0
2,2.190815979101742,1.5400028607454734,2.5,42.3589698174314,84.63,8,0
2,2.116642050028226,2.46295823195858,1.1497329143502724,22.87488206225539,94.884,6,0
2,2.3433796987734246,2.5,1.2451478056838992,38.269412527714906,82.84,7,0
2,2.234827197981035,2.5,0.7866053629990689,10.0,85.08,9,0
2,2.2581586164425747,2.5,1.3396840268740635,100.0,91.01,8,0
2,2.1026596871319954,2.5,1.4174455511617565,53.644998961379564,74.7,6,0
2,2.1650691012906766,2.5,1.3525253087105258,38.19482423771177,94.004,9,0
2,2.3308997797310664,2.5,2.5,47.23630609773505,77.128,6,0
2,2.1695378605015834,2.5,1.1333713290197023,27.630738164007866,95.434,7,0
2,2.4118837658497734,2.5,1.2299588924871026,56.02274368974623,87.85600000000001,5,0
0,2.342940182737639,1.5716646089754867,0.7566891658954225,38.807099399104104,85.926,5,0
2,2.2909544001650377,2.4266697151906578,1.3746524526496329,41.00505129214726,89.426,4,0
2,2.5,2.2405033746093617,1.2228776272276103,29.69567104503809,81.386,3,0
2,1.6967936958671195,2.5,0.8926897019606492,40.26175669231349,75.78,6,0
2,2.4776177198852505,2.407058574740117,1.1900886695102515,74.23846077189158,88.03,7,0
2,2.284121769757465,2.1427557816463296,1.8116257667632025,78.89286458384878,92.794,11,0
1,2.228144095775376,2.5,1.2060099127148969,40.93320728972666,91.798,8,0
2,1.1931791527129838,2.5,2.13841236194322,70.95262161425032,80.2,4,0
2,2.1494511337979167,2.5,1.18470318932145,57.62174179579,93.142,7,0
2,0.8090703980577448,2.0047090731239385,1.5441572249269857,86.82661433335144,78.5,7,0
2,2.4473298021774132,2.5,1.2392550043277826,44.30384054221723,69.592,5,0
2,2.2293449473890345,2.5,1.6435016981283452,36.285203371754946,74.968,8,0
2,2.3264120706628564,2.5,1.0418194960801688,48.44132828232042,80.028,6,0
2,1.0869119036107957,1.8863384151184088,0.8916654297253964,27.26354354436583,80.328,9,0
2,2.134439511294599,2.5,1.174500076542978,27.542917954733667,89.56,9,0
2,1.7086767818841906,2.5,1.2105892413199564,97.09847364243191,86.2,7,0
2,2.5,2.5,1.1220879890601863,36.49948991554612,93.216,6,0
2,2.2819243719999727,2.5,1.2272941775865398,31.79237339597257,83.81400000000001,8,0
2,2.2287421198290756,2.5,1.2646434125249582,41.66716115743587,84.868,9,0
2,2.227804739454829,2.4945781261158118,1.2202682080854421,42.18397273045895,94.14,10,0
2,2.471846134315605,2.018268410437508,2.5,43.14345329513847,85.85,4,0
2,2.3582313836219146,2.4665218212610895,1.3519021857846774,18.529467772020617,76.132,8,0
2,2.371440826772912,2.5,1.3032602236231496,59.88827409104045,86.696,5,0
2,2.2477878962420763,2.5,0.8559302674829393,43.51838102746233,88.104,7,0
2,2.2978570159579914,2.498863164568067,1.0320987536420634,69.6285677809694,88.594,4,0
2,2.2073882457174743,2.5,1.2058744075294803,49.45245854401683,86.122,6,0
2,2.1245828794653865,2.5,1.161877628398433,38.56020934776351,93.81400000000001,9,0
2,2.404815382848348,2.5,2.46442836567176,52.06582886091297,88.96000000000001,6,0
2,1.7300398125383922,2.5,0.6833819432008343,21.544876996195654,98.17999999999999,8,0
2,2.2408788661505525,2.5,1.2266438630621332,56.067562814231906,103.764,6,0
2,2.3301206225251856,2.4047230963082056,1.4179747738560882,44.13834700844879,77.778,6,0
2,2.2676823978775507,2.406589673178147,1.199684564664342,36.594801134160896,79.442,6,0
2,2.4347435081977404,1.012559919563257,1.2270409855431104,54.814047725164855,90.518,3,0
2,1.4551902006561115,2.5,1.315660209690829,44.40673415116195,88.296,6,0
2,2.38761574006379,2.162495892211859,1.257374310763286,91.84831113628856,86.798,6,0
2,2.307049742810191,2.475125655994486,1.5449378925331096,59.14123902420874,85.756,5,0
2,2.3378059840438223,1.5677058762038234,1.1302803839536508,52.39049731142979,84.72,5,0
2,2.4398009424884486,1.1052679480620078,1.6170858264286763,83.67821504019814,98.41,2,0
2,2.441614806422741,2.5,1.142477538137361,46.784308817792386,91.298,4,0
2,2.313860104324761,2.022800885223755,0.8357389295391098,40.129643351407694,79.01,8,0
2,1.4717814459123202,1.5145239301526885,1.1490613029262857,39.75897732842106,95.308,6,0
2,2.2374496275407485,2.5,1.6139316412885945,30.01618804629831,89.502,4,0
2,2.272818955248831,2.5,1.061824348836546,48.12878704131074,100.278,4,0
2,0.5846176710429707,2.149169233454751,1.7120243016352195,100.0,81.822,6,0
2,2.1554838067150177,2.43199691503702,1.066651244958488,30.3149164242174,93.41,7,0
2,1.0208490371421464,2.5,1.069171503158924,100.0,74.544,6,0
2,2.373647238944959,2.5,1.0841284190859712,38.892319314801036,80.05,7,0
2,2.079126234578511,2.5,1.0198750561199932,42.76919156154602,105.834,7,0
2,2.241974048060283,1.4865679569242252,1.0168465035862806,50.86680244905435,75.06,7,0
2,2.272365546712486,2.4988433900665696,1.1767510856306904,48.3013139753677,87.472,4,0
2,2.5,2.311889220069985,2.1580956221799505,47.33978735847438,89.266,7,0
2,2.266003474110001,2.411388055829639,1.2092292980607913,45.38694074481435,88.182,4,0
2,2.0629485712463644,1.8836415257697419,1.2107236832003707,64.17665615476791,103.804,2,0
1,2.2207316280582017,2.5,0.7878085325890831,96.91863961030029,77.998,6,0
1,2.292470711678251,1.6287258836175935,1.028518747106003,70.21195984665502,78.46600000000001,5,0
2,2.3570071919686413,2.5,1.103406485766263,57.75729230550922,103.122,3,0
2,2.4418348606495233,2.5,1.0605223541717521,46.18958852895658,94.354,7,0
2,2.5,2.5,1.331279779659091,52.506784723624065,68.78,6,0
2,1.808838490941721,2.5,1.614312687002118,55.56548513052506,82.41,9,0
2,2.157283021364005,2.5,1.0723022339092916,55.01669881574134,94.46000000000001,5,0
2,2.4811818245411152,2.0058588495853704,0.5080086052751276,50.91428912212574,81.522,8,0
2,2.2542123882534018,2.2153263413827866,0.5292738614343653,39.88656043050767,105.032,8,0
2,2.3164224904951967,2.174410304754243,1.0417200926001964,56.51130110621312,87.176,6,0
2,1.6851005208544738,2.119624622139014,1.762790660113335,45.11197642046721,74.092,7,0
2,2.3757565194795114,2.290529308921932,1.1625876946984774,100.0,84.824,7,0
2,2.2999002329556193,1.9186877962208562,1.53150919968487,56.207438952216634,92.906,8,0
2,2.4525899304440766,0.5401396602450608,0.8851734579641142,70.32102138421129,91.682,5,0
2,2.5,1.7758043700285795,0.45744903102290935,88.87065045652774,81.006,9,0
2,2.5,2.5,1.085562535780725,51.473673579339014,78.716,3,0
2,2.4810526498354895,2.5,1.1304849708495146,27.071414411501102,94.566,9,0
2,1.2868048871813869,1.0410138257940456,1.060607047454933,27.243856744923246,87.44200000000001,3,0
2,2.2378691349500555,2.5,1.6528963756131563,28.352173481745574,88.194,7,0
2,2.2353037744590134,2.5,1.07582774576601,47.91000817260396,72.268,5,0
2,0.6173371561731643,1.7645575574397125,1.9928808445746613,76.77434405402622,97.38,7,0
2,2.207079556619005,2.1349341915136444,0.9932084266667811,44.787579672578275,92.022,4,0
2,1.1884730592322017,2.5,0.985311326033596,10.968660189649498,82.534,7,0
2,1.959556645747895,2.5,0.9580554774590191,45.17675055242074,86.634,4,0
2,2.105778756439893,2.5,0.9069812192288139,52.72590794787348,83.628,6,0
2,2.4202958161598525,0.9493875487411131,1.0143365435327665,87.32030688877805,90.216,8,0
2,2.1446879930723552,2.5,0.98655333487295,40.78644855122238,93.754,5,0
2,2.4664203789753434,2.2654340954854453,1.252530367951824,48.89952659283497,94.70400000000001,3,0
2,2.162316836808754,2.360555891529236,0.9210930935426345,41.99968636772356,96.918,6,0
2,2.0582878987479036,2.369954410678597,1.1773977469493313,65.89160277156554,103.158,5,0
2,2.1908514010417353,2.5,0.7731322015326895,100.0,83.816,5,0
1,2.2758634853513895,1.0953455103997367,1.1147444565691678,68.33732503024743,76.428,8,0
2,2.070453570026803,2.5,1.4421237351624436,65.1561382811177,87.53800000000001,6,0
2,2.342044753123942,2.5,1.2098448921547111,49.40574555592691,98.544,4,0
2,2.296662782263584,2.5,0.7662070568286865,53.89602614608698,96.26,9,0
2,2.0150962887017028,2.5,1.9404419486135605,72.27131045289815,90.532,5,0
2,2.345315626026691,2.5,1.036139788328914,46.828088753127645,88.132,8,0
2,2.3350136041894225,1.7242184280783155,0.3,50.47672988271662,97.76,7,0
2,2.2809469073735644,2.114433116664844,0.3,35.796975861449205,100.212,6,0
2,2.2474952987731753,2.5,1.0259476315721927,44.12532057697192,88.26,5,0
2,2.48179056022944,1.9475022034539058,0.8540623874396297,40.387675646480375,92.67,8,0
2,2.482042140896023,2.305808847056404,1.0226947450629928,45.31078555754729,96.164,9,0
2,2.2734931379530963,1.5457292860103653,1.6071508842291011,51.71073639354573,93.068,7,0
1,2.5,0.3349252755149692,1.0190279769881423,57.99648512011708,84.12,4,0
2,2.5,2.5,1.558271171724498,52.8089409437994,92.718,5,0
2,2.2395762596170137,2.5,1.1090474194573443,55.46409537215806,84.64,9,0
2,1.1833042809073306,2.0981304042836784,1.7935462231671002,72.77505535437152,71.516,6,0
2,2.106573294164381,0.965463252907123,1.0329965914476014,27.907792162453042,76.934,7,0
2,2.2464911143644604,2.5,1.106778956231099,55.95239169918206,82.58800000000001,8,0
2,2.2631070507358135,2.5,1.048008495293143,47.886182026318025,99.092,4,0
2,2.1750387558532114,2.165366723050556,1.8989131272140132,49.054536620665885,84.492,6,0
2,2.298065057224291,1.9610159186199583,1.1079032738763486,51.46180207068808,84.874,7,0
2,1.3144644452105498,2.5,1.075831558243388,55.77423781754863,88.69800000000001,4,0
2,1.8438913875684595,2.5,0.9138938606346063,48.19854961737214,84.154,5,0
2,2.1274599368933975,2.5,1.0892132061390059,48.47393321443249,81.06400000000001,6,0
2,2.353436521322154,2.5,1.290872958177047,86.40758168483988,94.818,6,0
2,2.157559021672633,2.4964907542728825,0.9051960079709643,36.36934145129674,89.67,7,0
2,2.376199901234172,2.0912538326874373,0.680875452518007,46.37429325927435,93.184,2,0
2,2.18645282704246,2.5,0.9629166848103539,39.617045859564946,89.49000000000001,4,0
2,2.3078720500157597,2.2122676332778655,0.9993321915064379,64.91054596391946,98.094,6,0
2,2.2109455090450902,2.5,1.0131110699682648,88.7249529394416,87.398,8,0
1,2.2645922540928334,2.371047401074021,1.2014943823323276,79.91131808853613,77.014,7,0
2,2.066618548006672,2.5,1.3141090107266828,65.0463187649904,82.79,3,0
2,2.213347181333792,2.5,1.2014614787524562,44.61439373157678,81.284,3,0
2,2.383302858962766,2.5,2.3370815981245903,47.37791450448431,92.17,5,0
2,2.4644707554418743,2.5,1.8545165398068997,24.64946050427841,81.53,8,0
2,2.262543295272851,2.5,1.0896666119299396,43.86544747424166,102.836,6,0
2,2.157155170883096,2.1942331678513947,0.7887722696244268,48.76417598971964,89.392,6,0
2,2.298479012552034,2.223681012744185,0.7377254209451876,36.24097743523302,76.618,10,0
2,2.3159167345460583,2.5,1.0772182663641232,42.653330607546266,86.888,7,0
2,2.5,1.859672592594769,0.9111894351160462,37.3015788240926,98.546,6,0
2,2.5,2.039133959545747,0.9833984392952178,47.4843316658618,99.69,4,0
1,2.277522813199168,2.5,1.4697445235660909,57.84318467731222,85.762,6,0
1,2.3801414227448023,0.6465582814521188,1.136371086937,53.156360409380255,83.772,5,0
2,2.404000948860667,1.627255304325403,2.331997945911966,53.759848696804525,82.352,5,0
2,2.3446976486182765,2.5,1.0994821749707198,62.419445882093925,86.892,7,0
2,1.302793626951414,1.674584743638126,1.8540168738221565,100.0,85.19200000000001,3,0
2,2.4475456245475398,1.520206151664274,1.1743135662354516,48.623704684747004,94.104,3,0
2,2.251652839850816,2.5,1.3116238100017437,50.82925535739408,83.9,6,0
2,2.296539591412696,2.5,1.0471992012742348,48.34432307887311,84.008,5,0
2,2.5,2.281251226076359,0.9935365747841477,78.34953044429363,90.446,4,0
2,2.1752943199379904,1.9106483055389065,1.1138161453105864,30.104825040268967,92.502,6,0
2,1.7693299130355329,2.5,1.3213501324134342,80.9721144527928,80.182,4,0
2,2.382016345161624,2.5,1.165793093270893,42.91601397468876,80.864,8,0
2,2.193558741609191,2.5,1.3410389957213318,38.931110018148416,82.87,5,0
2,2.2702086371845205,2.5,1.3993591196549604,94.5379157820465,84.756,5,0
2,2.207377308789358,2.4956234329917177,1.2357009259876066,49.7899992023493,90.926,8,0
2,2.3412207058120185,1.429868301509401,1.127072737690682,43.93455980382381,89.614,5,0
2,2.3109662921964755,2.5,1.3336028273655236,21.011158927632422,94.264,8,0
2,2.195377030581731,1.921317729675398,1.0225917463157854,41.36891417981778,90.56,6,0
2,2.270646578519134,2.5,0.9375527695616701,60.004798800819174,87.512,4,0
1,2.2797955222423316,2.5,1.1773725646153406,75.22344315027134,69.404,6,0
2,2.1715378868336344,2.5,0.9576720624905717,59.04847707043733,88.554,3,0
2,2.1621892034445063,2.5,1.0719438664249643,36.57384374840285,82.032,6,0
2,2.48000986930294,2.5,1.510568839096467,74.69541916234611,101.54,8,0
2,2.2729055085362457,2.5,1.385640938420409,10.0,105.378,10,0
2,2.2084291871443753,2.5,1.0958200538035827,44.54942344506258,83.61800000000001,8,0
2,2.229549068753588,2.2262424490305333,0.9518668211060766,48.7114773856133,69.322,7,0
2,2.2735350944570114,2.3311511896348054,1.1658015965609438,51.073806204362675,80.164,3,0
2,2.5,1.4106618500667718,1.2508389309856023,46.902760286482234,97.146,2,0
2,1.9502132983578826,2.5,1.7023672451940162,52.03880425155284,93.174,3,0
2,2.364151084202093,2.5,0.9600731631683126,49.5403068399262,90.366,9,0
1,2.318611540731251,2.182989431896862,1.8354256510816032,61.193787241310815,72.118,3,0
2,2.2156147816345775,1.8382065636407203,0.9923983771766717,44.4840503142653,96.556,5,0
2,2.250301173850532,1.6480998920430907,2.033614416836775,75.96072897859163,71.58,7,0
2,2.4071082327639353,2.5,1.1158683142224113,58.717604144857006,95.2,5,0
2,1.9099395922208036,2.005333935730856,0.819410675348476,100.0,78.974,10,0
2,2.133164997858075,2.5,1.1965743626423604,58.65926884679531,78.956,4,0
2,2.253149595268929,2.5,2.1779962215259454,21.397266361969052,99.082,5,0
2,2.2812753364285303,2.5,1.0742557036376417,48.200569022260055,87.96600000000001,6,0
2,0.978940020814826,1.8715227234073368,1.3077842107572077,79.8193560338774,77.226,6,0
2,2.1651449029081675,2.5,1.0428547246481439,36.71786907957198,82.68,8,0
2,0.3,2.5,1.135116631133505,94.85901979111972,92.658,5,0
2,2.2516780811648305,2.5,1.0691054427094544,40.14874145662424,84.902,5,0
2,2.191296476834096,2.5,1.0874059590387268,47.39696249938934,72.712,4,0
2,2.2636194418062288,2.5,1.4146118433729313,41.904205993245206,87.456,4,0
2,2.177898469976385,2.4967526344928195,1.2197453293312173,42.32321749728517,95.94,5,0
2,2.2781142031660653,2.184767724012378,1.7315789480870383,47.84269010111011,89.42,5,0
2,2.208940155925397,2.42079374751779,1.0686067916172113,10.0,99.738,12,0
2,2.0812057666341595,2.5,1.119785961163111,49.17201881140819,101.982,7,0
2,2.2109249387262855,2.5,0.9754196179688561,94.04894954625149,87.294,6,0
2,2.2842166580738756,1.6574186904707204,1.146894576591725,72.38179323928347,90.052,6,0
2,2.3017195299982802,2.5,0.9722725760194058,45.93417494115642,96.896,11,0
2,2.246407889244747,2.5,1.0677903146731438,46.206235299575475,81.626,7,0
2,2.4692056863723875,2.5,1.5919772491321589,51.2115668730985,89.16799999999999,7,0
2,2.1164661347881437,2.5,1.2179985607748989,59.42257365087026,97.058,6,0
2,2.1998753640015476,2.5,1.0467828059368685,49.6171538221178,83.82600000000001,7,0
2,2.3129690537660204,2.077737258397425,1.0636751020533486,48.14754725801918,82.082,9,0
2,2.256078598967015,2.4452563494151835,0.3,37.101768679227355,87.06,6,0
2,2.5,2.033347165851455,1.2827379475250893,50.52144945694108,96.984,6,0
2,1.71193739902548,2.5,1.3500340406644344,55.18045164792485,93.036,7,0
2,2.2868609399953868,2.5,1.0187932910676414,50.08575424144871,71.572,7,0
2,2.3270013134722283,2.0255978684324263,1.2245759402317176,52.93961601366917,81.116,7,0
2,2.1061304254059956,2.5,0.9200504008455582,41.103469677357,89.512,2,0
2,2.365101026171638,1.5764194088681345,0.4021176570001903,67.04164464800883,84.77,7,0
2,2.395384856526311,2.5,1.113586775660876,62.71331145463974,88.648,6,0
2,1.8504238509341753,2.222338892457145,1.3998861597400118,86.81293113105347,81.052,5,0
2,1.710419148055956,2.5,1.1493817083879188,46.22598770065791,86.394,7,0
2,2.217806607423548,2.5,2.1493247892675,25.687962852516897,80.302,5,0
2,2.2539696453813742,2.5,1.0883641761837948,48.04113141991273,99.26,7,0
2,0.4463504416384675,1.942513699805127,1.7550776432486053,48.06229122778339,84.694,6,0
2,2.303403656692605,2.5,1.049720990068915,40.23334052249308,85.036,5,0
2,0.6383997525451235,2.5,1.058252477815472,44.40687702859768,71.044,8,0
2,1.707381561153671,2.5,0.9383103045277206,39.103578785010434,91.086,6,0
2,2.2394924323733023,2.5,1.0139663427881127,52.10683815658652,86.592,9,0
2,2.390221096009395,2.5,1.0034089124704229,85.92371552852518,81.772,10,0
2,2.167624795927925,2.5,1.0236741737543322,37.44377217854522,82.676,6,0
2,2.4259814812262763,2.5,2.5,46.81265332288199,96.512,7,0
2,2.182260502695679,2.377305046897914,0.890155773349709,20.67242359051325,71.034,8,0
2,2.057333700659503,2.5,1.2589034471351468,79.08936594739056,85.94800000000001,7,0
2,2.175367673137591,2.5,0.8573205768819468,78.60543778632247,105.32000000000001,8,0
1,2.2778787792436677,1.0348843611294312,1.135943264263493,61.91930485920551,83.298,3,0
2,2.2159989114286263,2.5,1.8379118585118221,54.26874202689564,93.456,6,0
2,2.321835339881791,2.5,1.0847291176273919,49.06248001809118,83.43,4,0
2,2.2715817509956526,2.5,1.664541137769755,40.94963373341983,78.82000000000001,4,0
2,1.99512315582144,2.5,1.4357627511225672,65.2739230250393,82.196,3,0
2,2.3101227510761966,2.5,1.070773997394978,51.95736071945372,75.208,6,0
2,2.321151482226773,2.0165885327021478,0.5771428414895456,50.21718970272292,96.848,4,0
2,2.2857813684191366,2.5,0.3,33.38906868067017,95.06,5,0
2,2.385979143756836,2.5,1.0353303805092746,48.868525610874315,79.53,6,0
2,1.9234452313823642,2.3016378865584453,1.073555088323274,48.148626651568335,88.69,7,0
2,2.368095158616819,2.016091713759262,1.0333233694238098,46.19951211156153,88.028,5,0
2,2.3165758327762505,1.7176372365425028,1.2853609888202135,68.50447247651834,89.52799999999999,7,0
2,2.262852145855627,2.5,1.05384057224577,42.03043219641732,106.502,7,0
1,2.4294050174292745,1.6504255929365526,0.976110487401506,60.14409939661961,72.708,9,0
2,2.33448735264335,2.5,1.0403231805609838,44.99682830585296,89.158,6,0
2,1.2254547093883175,2.180949008608157,1.9300481894873927,36.80318794924924,77.938,6,0
2,1.7165896206653828,0.3,1.0015334844318935,22.554408738066204,96.24,5,0
2,2.1894161785981887,2.5,0.8321913925655944,33.79435692849816,88.5,6,0
2,2.2664560858971434,2.5,1.0417193196734358,48.08426399705735,98.158,7,0
2,0.7623711677374991,2.0876465921648357,1.4601558376887749,30.38311391082992,96.968,5,0
2,2.1996946934325394,2.5,1.085432888605503,39.710549570579175,85.084,6,0
2,2.2365129187869095,2.5,1.0500915860123525,33.98227414106293,84.436,4,0
2,2.3376623423131573,2.5,1.0253270201861404,37.532948102484106,97.94800000000001,5,0
2,2.2369639166897493,2.5,1.2718095825198115,42.313083028494965,78.202,8,0
2,2.41521809633531,0.3,0.8001986609157639,100.0,100.754,5,0
2,2.1602017192806686,2.5,1.0014496665732382,50.692967629940696,84.898,6,0
2,2.5,1.9357450501452396,1.782973575021808,44.40625689349648,96.822,5,0
2,2.2924948564563463,2.437815291734662,1.3402317270352744,48.67164086850913,103.006,6,0
2,2.153076675698081,1.75633824146863,1.0911464823834431,68.08113205940334,90.782,5,0
2,2.29652309661495,2.5,0.9954477195292821,74.17647702973261,93.364,6,0
1,2.272821486433871,0.7507507732201782,1.1870495815747932,57.106814758369175,95.91799999999999,3,0
2,2.105429366823419,2.5,1.9500828202702127,58.46011944007453,93.67399999999999,6,0
2,2.2145318708849113,2.5,1.1243922644012412,41.44990478339676,83.22,8,0
2,2.3347969833703206,2.5,1.3544730851336961,76.83781736784621,86.82600000000001,7,0
2,2.069778495701899,2.5,1.156090845730982,10.785282332392526,85.154,8,0
2,2.367283648617331,2.5,1.1010393343708909,47.427978859557484,85.97200000000001,7,0
2,2.312918837820516,2.481029557653694,0.3,51.02209303874427,88.998,9,0
2,2.2913107707918554,2.1562466745953595,0.9640613001339184,51.72864508863991,101.118,7,0
2,2.3450363111558525,2.36201786653359,0.9562116493368583,45.576230372470405,96.804,6,0
2,2.1070464510849285,1.9598256890221943,1.2358101941193516,42.679230661682794,81.438,8,0
2,2.5,2.1308771779936913,1.038400369518663,43.82994847972468,100.18,9,0
2,2.293666366034593,2.5,1.0825554455235944,62.89667177855087,88.372,6,0
1,2.369831091283453,1.807080340906337,1.0916771680655077,44.99231422825612,74.04,6,0
2,2.4086178454467277,2.089465533573757,2.2219629429553933,76.71616591648004,90.068,6,0
2,2.3670406279198604,2.5,1.104363936495063,52.808482601753035,76.96,6,0
2,1.9409728977739413,2.034377657776207,1.2459826573058619,34.66680349886879,92.106,4,0
2,2.28540639680396,0.3,0.9372189283305623,10.0,81.14,4,0
2,2.209707923946654,2.5,1.2168519314673676,58.193264363133224,94.322,5,0
2,2.29139827347381,2.5,1.0157971520145783,48.20537148716197,84.028,6,0
1,2.5,2.2168397120170256,1.0251122073603738,26.858713239885404,97.44,10,0
2,2.10260082352724,2.5,1.0837157780511182,34.19687974084064,106.19,0,0
2,0.8086363907680052,2.5,1.2827627960950834,62.69976094859695,84.03,7,0
2,2.5,2.5,1.1070816211216161,45.90389397373735,82.682,2,0
2,2.164423942618078,2.5,1.3127028427448622,36.98490665404986,109.452,5,0
2,2.3549688624189695,1.758243948635464,1.03643862732232,100.0,80.736,5,0
2,2.2959749003730967,2.4964484376534184,1.2170941125458516,53.3469528649847,82.61,9,0
2,2.4901041068302296,1.828902203588469,0.9576292353382989,44.259463706072346,94.338,6,0
2,2.270800684919949,2.5,1.5145499164351637,56.81700827514477,67.94,8,0
1,2.1970317469138037,2.5,0.962687025666415,54.900129305294136,87.11,3,0
2,2.3438116035557823,2.5,0.556738653609728,77.19991487397832,83.1,9,0
1,2.2722310368493854,2.314842426558123,1.276788872899233,64.56762870010104,84.02,9,0
2,2.048421602509309,2.5,0.3006313479463836,57.373494379033325,88.57,5,0
2,2.2036913865307546,2.5,1.1841076198942784,41.0920554093173,96.04,6,0
2,2.5,2.5,1.2165739424658257,73.20027088061575,92.93,6,0
2,1.8773090163120298,2.5,1.6741556424835236,46.77467407815321,101.544,6,0
2,2.305691227442639,2.5,1.077127403770649,40.93882208161408,99.422,5,0
2,2.3061437149575514,2.3103056142083878,0.9728402025941802,47.3906853249522,83.386,7,0
2,2.275753435653501,2.3809779233028623,1.2609161341247133,50.8031050212896,84.044,7,0
2,2.2388447577353947,1.2235685700176113,1.2732995592187946,43.8339355980339,75.58,7,0
2,1.9796839498139647,1.83860423798443,1.1998028811213386,39.321444075956585,84.26400000000001,9,0
2,2.4914398317901782,2.5,0.965911244961921,51.96870930425833,64.11,7,0
2,2.2873003040318616,2.5,1.8770316943524532,38.39965455475351,83.11200000000001,10,0
2,2.2562419338404385,1.6894160403267886,1.055707629314163,47.57454511431304,91.246,8,0
2,2.2830572034793044,2.5,1.4443930672658154,79.40097180073661,87.118,7,0
2,2.3182891456479116,2.5,1.1604956009434113,65.96947281668484,86.682,5,0
2,2.3718555538429635,2.129086014085466,1.8446905930102493,96.81033954003145,88.296,7,0
2,1.9284431145123664,0.3,1.0283707495421652,31.550547595162303,88.82000000000001,6,0
2,2.2505454174019954,2.5,1.5165289243203892,28.43891898453533,95.44200000000001,8,0
2,2.2806125707398768,2.5,1.0919709675016407,48.203921972305686,87.686,6,0
2,1.7706966578563588,2.3280152011853157,0.8769952862399585,41.059788951401515,78.41,6,0
2,2.2137272107871135,2.3876189719342142,1.083403238506906,33.240513722524284,89.834,7,0
2,0.3,2.5,1.3605202033151964,65.72405639100529,83.11,5,0
2,2.5,2.5,1.0838714332329356,48.36440814411499,95.308,9,0
2,2.1418127696223506,2.5,0.9168161592297664,48.83088129958007,88.24000000000001,8,0
2,2.309035575029918,2.5,1.2607178039988203,84.61270956854077,93.628,6,0
2,2.1197577330198727,2.494321982413948,1.2950319665302614,37.21003099013804,71.61,7,0
2,2.3469546697296306,1.7152359101949313,0.6215183036906371,44.90593307851048,92.902,7,0
2,2.196676765781217,2.4131838774200216,0.8241347257274287,43.812866322385815,76.712,7,0
1,2.2912990138736555,2.5,1.372841747852477,54.81518983109116,90.474,6,0
2,2.203233908848546,2.5,0.6472964568893984,53.13471953805765,83.77,8,0
1,2.281900302568155,2.5,1.3101248800946523,70.96580518825732,84.986,6,0
2,2.230237613542653,2.5,0.9747323947849891,56.25532762476263,86.696,8,0
2,2.2540038762537207,2.5,1.1761687342163454,51.31975703660581,91.462,7,0
2,2.313574360337341,2.5,1.4636461713472362,34.16829485332182,96.68599999999999,2,0
2,1.9229865390064023,2.5,1.2244088557893642,52.49954719583094,92.98,7,0
2,2.2539776100790014,2.5,1.0587857552298785,38.358485995375446,92.13,8,0
2,2.299858997277509,2.258768552746232,1.1800647841337117,48.343385902332194,83.58200000000001,6,0
2,2.2691530994160427,2.5,0.3,44.56171270062168,95.258,8,0
2,2.2878160363186226,1.0524731747116554,1.1740929103517668,43.286641823150646,90.328,4,0
2,1.9797569734422598,2.0389580488228414,1.4238081815615178,44.953855730248364,78.656,5,0
2,2.17778523580587,2.5,0.9435540236545604,51.914037841222374,88.718,6,0
2,2.2821374787074507,2.302260871143783,1.4176324203585189,58.63866029761518,85.538,7,0
2,2.1820397635469466,1.7668390593705905,0.9719699257390864,47.93863637146253,84.39200000000001,3,0
1,2.338521173954491,1.8748723510404603,1.0991627507919104,44.3500922056129,84.142,8,0
2,2.3209867609527253,2.5,1.1011573073125978,60.365703244691446,84.696,7,0
2,2.0669228712117653,2.047862682477515,1.7267821143310718,79.77602107920187,91.776,3,0
2,2.003415638678262,2.5,1.098620333738293,45.11450626440032,90.87,6,0
2,2.263663901815771,2.5,1.4876346369670288,37.27249247631562,78.304,5,0
2,2.259603894957293,2.5,1.1115135875019626,48.018743749070055,91.02,7,0
2,0.5447788629605217,2.3544975432813118,1.2833007598583692,40.98421719656854,79.074,6,0
2,2.2719362901402858,2.182468962438164,1.0889250796837007,29.62777302877418,97.84,7,0
2,1.8656378197896708,2.5,1.1996832901382468,55.942006284681405,92.18,6,0
2,2.3451008668026843,2.5,0.9766321568250225,33.962785652319326,86.6,8,0
2,2.154448405274889,2.5,1.0395866841379262,48.566711088972454,86.624,5,0
2,2.262752854016601,2.5,1.2342601292418742,80.10055910688472,92.526,5,0
2,2.1816304298335765,2.499798551686989,1.2045736634323012,29.10265620013739,90.156,7,0
2,2.3915272985011997,2.05562848774399,0.5693289402007321,45.948785164309484,78.258,4,0
2,2.251792603524516,2.3572738291152016,0.9808122753901727,16.739131009107673,84.276,7,0
2,2.03184112154792,2.248580899536411,1.431172821974805,53.53682162910538,88.414,7,0
2,2.119752272230777,2.5,0.9545833690718236,42.28184892599248,94.966,4,0
1,2.2875648434237568,2.5,1.1853072985130737,83.68362519075228,83.226,5,0
2,2.275886472032003,2.5,2.1234544715404553,51.70640165679618,84.096,5,0
2,2.313328495993398,2.5,1.1006255634865594,52.052236123914156,90.476,3,0
2,2.1679216932048275,2.5,1.5139148231013644,19.38267517456039,86.25,5,0
2,2.4137713511290304,2.5,1.145060725501056,24.33572118375628,79.13000000000001,5,0
2,2.2439601702338803,2.5,1.0508863302380367,40.52818302294303,76.302,5,0
2,2.2857765685972913,1.9575256509235612,0.8153889288909126,49.67623132514077,102.276,7,0
2,2.2800241356760744,2.1604107957549696,0.31214565944789935,31.968947062056053,93.03,8,0
2,2.5,1.6667407385584254,1.1344297527812022,53.40805223693711,73.56,6,0
2,2.350585465093481,2.2105300318416687,1.1645210621665254,50.38736506983126,77.934,8,0
2,2.398426382595522,1.9099399673165043,1.1029182591507416,40.39915865018581,93.122,4,0
2,2.2955566869591966,1.72089473204296,1.1928558470023565,66.57733752751417,88.85,6,0
2,2.245476090380759,2.384685330786823,0.933568069549819,47.12039091709202,85.488,7,0
1,2.483216117259797,1.8585982945938642,1.1539008622541511,45.42391124145426,75.528,7,0
2,2.401236237133549,2.5,1.0623476949870034,44.9844335602416,86.156,5,0
2,1.655539028611112,1.9094162189651276,1.2185887395644048,39.609045765363334,90.358,7,0
2,2.0148777403024947,2.5,1.0609633815454702,54.14693960026401,94.05,7,0
2,2.2412875262776155,2.5,1.2576547741713906,44.06065574054628,97.272,7,0
2,2.2555718830308886,2.5,1.0740202548158848,48.13658699918282,79.754,4,0
2,1.2128324870501925,2.1876236802245232,1.684588524142982,33.87567535647244,94.464,6,0
2,2.207309306604639,2.4484222149791406,1.0649675853388445,33.55647447364872,83.512,8,0
2,2.176373427951936,2.5,1.04902007299225,40.332980671043885,88.694,7,0
2,2.2232540544806874,2.5,0.9927463927294632,26.939387000938744,75.60000000000001,8,0
2,2.1311745108368823,2.5,1.3778242633524118,41.87405856353884,75.828,6,0
2,2.276797921027962,2.141708343540977,1.0970286212010245,72.76958872327768,100.652,6,0
2,2.333022196235137,2.5,1.0325629194796944,48.98756960387695,103.898,4,0
2,2.4628244963841723,2.245406146488692,2.048626614906307,48.199356840158984,91.888,6,0
2,2.234991810214843,2.417468796211432,1.3898010872939885,34.89191291191794,103.106,7,0
2,2.053514473897134,1.9623813725176014,1.1094630814392659,55.10016589181108,101.902,5,0
2,2.1683236114671574,2.5,0.910676934078604,61.39432221835347,94.12,5,0
1,2.2864360810089717,1.9409639733171,1.0188704714462264,55.947146301930275,94.992,10,0
2,2.2999755533070236,2.5,1.0473082615892222,59.48316172090656,85.33800000000001,6,0
2,2.301015081793805,2.5,1.1540059195566486,37.62355921486158,93.406,4,0
2,2.1970207215786277,2.5,1.3926307591665357,50.81571356835471,93.778,6,0
2,2.1466265076511766,2.5,1.4388866125270952,18.803327503608276,77.33,6,0
2,2.2809015915241817,2.5,1.072252492342768,45.22694134139423,101.528,7,0
2,2.2926272456918926,1.763766259006978,0.3434885497808544,50.32261862254539,95.37,8,0
2,2.2876645778457045,2.0993938777166417,0.721288832592633,28.277780317826068,100.216,7,0
2,2.4328075522426422,2.2192134382410815,1.1525391451529816,46.97403121763539,80.386,7,0
2,1.8606496126537952,2.5,0.9108088398132379,47.41130748122879,84.714,6,0
2,2.5,2.1375972898221756,1.187266168872172,47.05577163901448,105.6,6,0
1,2.2931285298312334,2.144904121062546,1.1609315767139978,47.82307237494361,83.254,7,0
2,2.275789381440993,2.5,1.1277668369970815,45.133959299953666,89.52,4,0
2,2.38301956890935,1.759484554383456,1.8689381070291002,100.0,86.422,7,0
2,2.3971718567269806,2.5,1.1106472406761634,47.31885734254146,87.142,7,0
2,1.2526086060010695,1.952920994377734,1.4744967832066753,23.60527091891556,83.846,5,0
2,1.633666845842394,1.6945392685592837,0.9865478614467119,58.40487995287698,90.562,3,0
2,2.243863603576952,2.5,1.8679501831852128,34.973466459468945,79.956,9,0
2,2.282593155973733,2.5,1.0307563708901084,48.211882019991684,91.964,7,0
2,2.3490659165344443,2.3408534782704145,1.213896637194856,39.2276862063171,86.432,6,0
2,2.1869352785155223,2.3492278480691158,1.0822414833912208,43.97684543760354,99.984,8,0
2,1.309339203478305,2.5,1.0541682169060542,43.55148824475561,86.612,7,0
2,2.3056569590953533,2.5,1.0144270263245025,57.5656676706422,92.44,6,0
2,2.321895675920023,2.5,1.3525504965746045,44.278172899867215,95.504,4,0
2,2.3198800944199807,0.3172734629228866,1.1726185894777579,79.90155616512946,73.46,7,0
2,2.427973577321645,2.4981409702722615,1.0940077075229047,52.80136162095961,89.148,4,0
2,2.363717159388322,1.8334493361904936,2.5,49.16100911681927,91.488,6,0
2,2.223986692892474,2.467779817671276,1.1818737041349738,18.632660205913087,93.586,7,0
2,2.091769470358479,2.2853044280638,0.9440693729965195,52.97849477837839,105.95,8,0
1,2.32149736424988,2.5,0.9627720067071714,65.29498087292656,82.798,6,0
1,2.2580261194733553,1.691936140729188,1.3298931738634672,46.862573879400244,77.044,7,0
2,2.192168386159013,2.5,0.7671969202119626,50.78191672429146,90.524,6,0
2,2.2025925416984773,2.5,1.1528325494390774,40.312613617392635,90.058,9,0
2,2.325766454967776,2.5,1.2123089873284385,45.12813615163499,88.834,7,0
2,1.718717632591989,2.5,1.3166594325791088,24.538366565427243,95.808,6,0
2,2.321772195611348,2.5,1.0811594299149683,42.88109165662906,99.396,6,0
2,2.288210123938336,2.2208705030467017,0.3577153584518646,49.51236910459139,83.78,9,0
2,2.266828538764117,2.4951507445665784,0.8165622667711081,39.52381723016992,76.89800000000001,4,0
2,2.168323891090432,1.848004276261164,1.1061128327732468,43.03574880076785,91.08200000000001,3,0
2,2.086861815448076,2.075981322072973,1.129725811622091,38.472664916662765,88.266,10,0
2,2.2712276536626033,2.5,1.1313614259938758,52.82247158215411,69.08800000000001,5,0
1,2.2924459836094115,2.0074032563721755,1.3280686343184644,61.72161228791196,79.684,9,0
2,2.234723211079963,2.5,1.1002492162363766,46.48073667814783,89.872,6,0
2,2.3222350863992225,1.6528697986933947,1.736834589077337,73.62563978543307,73.56,6,0
2,2.321629479022681,2.5,1.1280713574833885,73.98429599293593,81.55,9,0
2,2.291972071774456,2.2503720746847597,1.539713265885764,98.73841391977106,85.04,7,0
2,1.6583848239201175,0.3,1.0222249467689972,48.53479639859855,91.638,7,0
2,2.2454240436716932,2.5,1.4174405804394654,36.44326020026398,102.05,7,0
2,2.2853308758604713,2.5,1.0696792474235886,48.168894062889784,80.214,4,0
2,2.5,2.4480613878463777,1.1317139729203303,38.19024175718333,92.742,5,0
2,2.162069427173352,2.474693419836022,1.0704076073527524,54.68477112758504,89.538,3,0
2,1.0696429812746926,2.5,1.2722990885022745,49.08920348282905,100.612,5,0
2,2.397303731005697,2.5,1.0521745598908392,46.991390913861856,85.936,5,0
2,2.17733254906181,2.5,1.1194510381497396,42.926209220229495,85.992,7,0
2,2.3578494357755617,0.4070138306368226,1.1670678412734312,64.16554079109254,84.888,4,0
2,1.9972868010504266,2.4973500884458537,1.1472866391231868,32.780490973623245,87.47,8,0
2,2.313337601402648,2.112707539367948,2.1118655244905367,45.30280055171235,82.004,7,0
2,2.21294996761426,2.5,0.9317333531065503,38.96913924126029,85.98,4,0
1,2.0736048525658077,2.071340210216689,1.2120010190130273,66.02599179019445,100.722,7,0
1,2.202611766514534,2.5,0.5400657340952293,89.16590586302846,73.972,4,0
1,2.267658589603122,2.217914137819175,1.1771768257331874,94.76838189302464,83.288,7,0
2,2.1069308423812263,2.5,1.6471132919977627,54.87794619312266,100.14999999999999,3,0
2,2.2029586837001003,2.5,1.1568580491883347,52.67541120574731,89.96000000000001,8,0
2,2.3455529236146764,2.5,1.103952129450833,35.66255049761286,92.102,5,0
2,1.974502703789803,2.5,1.4432630421370116,34.51773515456985,90.592,4,0
2,2.277399423939097,2.5,1.0742502258300572,44.59031482444359,88.212,6,0
2,2.3237687567809573,2.359895759580726,1.4235426079226117,47.876170634878996,93.22,5,0
2,2.26282148965693,2.4611419473565137,0.7368148946133739,53.577214903654564,76.894,8,0
2,2.3561764650336294,1.7924620115642367,1.13240744844884,50.6691678190039,92.24000000000001,6,0
2,2.1948071042470354,2.1771446864683526,1.7931578513718258,36.71466546559251,96.802,6,0
2,2.1513903326271,2.4101627964258934,0.9835753034133166,50.35393556795198,72.602,4,0
2,2.2855129956480607,1.7710110801805496,1.843326671419145,69.52623589071206,79.552,7,0
2,2.217342696452469,2.12640034015189,1.0103806263168507,49.014781775389075,86.334,7,0
2,2.3071100028681504,0.9971777072745134,1.0162028569284483,49.011836200871876,92.292,0,0
2,2.2462770428181837,2.5,1.0939327896760642,74.82493083020826,87.508,6,0
2,2.478866587453747,2.209729882725251,1.7611867674537542,80.6840895089372,89.384,4,0
2,2.5,0.3,1.0864336773671366,35.33110337530499,95.742,5,0
2,2.224936340116612,2.5,1.281213443536969,47.070451508199994,101.616,7,0
2,2.275535793664501,2.5,1.082573887707061,48.104493854815466,90.366,5,0
2,2.5,2.1587203378323006,1.2389705560831734,37.61839266842857,86.61200000000001,5,0
2,2.2875036374985798,2.1961032405715617,1.0856810770218432,27.211428312241438,105.592,6,0
2,1.9577098919493003,2.5,1.2274058883124723,51.88688061153766,95.222,10,0
2,2.3475003039739097,2.5,1.0523912076108972,40.32918665111352,92.094,4,0
2,2.061998745549716,2.5,0.8765249861438957,43.441068252725394,93.302,7,0
2,2.2945344981104276,2.5,1.187219079489692,57.794603658555914,92.572,6,0
2,2.096836279543822,2.4985049723354473,1.1528060810896894,27.822029606428877,86.212,7,0
2,2.339089014553949,2.5,0.7381118703947365,46.002585892663724,93.148,8,0
2,2.286265558724494,2.494625495689758,0.9625258144475226,32.529884154581424,97.742,7,0
2,2.218787779021651,2.3047345007116107,1.3268451037262676,78.69557763652713,80.752,9,0
2,2.1267433391142294,2.5,0.6391405429793899,54.733971575375946,97.176,9,0
1,2.2767574918355424,2.5,1.0803000554378182,59.46933419273083,83.08800000000001,3,0
2,2.0847395562061815,2.5,1.3934665222825156,53.54937920087231,95.824,6,0
2,2.233137821029872,2.5,1.1089533691410325,58.66999947180041,90.134,9,0
2,2.2771145181098142,2.5,1.5204038817034595,32.71525108354173,85.422,7,0
2,2.4509555959335745,2.5,1.526201632968134,48.86439161009089,101.298,4,0
2,2.2585242525497287,2.5,1.0542608467711572,43.27432681286868,88.732,1,0
2,2.2916657495453956,2.369166282471946,1.3908821176465438,49.49418166468958,102.94200000000001,8,0
2,2.2831767873019504,2.3736840956098537,0.7042543457104762,43.58752820805812,94.826,6,0
2,2.5,2.151293903669478,1.1979085841122292,52.44044806404165,90.184,6,0
2,2.0678234348436164,1.9485802608495002,1.6772602189242636,54.18984461834755,86.882,7,0
2,2.5,2.089477573298223,0.9764965051374841,46.93225847085352,87.426,7,0
2,2.2804977961453354,1.8320772582887617,1.652657666159374,45.3137983377259,92.132,4,0
2,2.2235076860051497,1.7753893410654498,0.9449966128088672,48.92589181399251,85.918,5,0
2,2.438444921283027,1.9602795618922222,0.6485170190178173,54.51069658012773,91.132,7,0
2,2.3608516429938105,2.5,1.126345449957934,70.82058799950912,101.542,8,0
2,1.8488988831823536,2.122145225735644,1.7238961242187598,63.0729211119542,97.222,6,0
2,1.9880065666460853,0.46158057617697,1.0280972677933669,25.38256437679965,89.758,7,0
2,2.2102729059353647,2.5,1.6336745705680615,54.86341977537106,79.838,9,0
2,2.265089347840764,2.5,1.0690976831888725,48.10562378596125,91.972,9,0
2,0.3,2.123461100047953,1.4863520385981972,42.56948945116217,81.18,7,0
2,2.1755811724231298,2.031037682809359,1.0806397672086872,26.248764622020747,88.68,5,0
2,2.1402439191242855,2.5,1.0718574696334844,49.39546151552161,92.7,6,0
2,2.2125142298323532,2.5,1.0285188542838195,38.813335884346166,88.314,8,0
2,2.069545550748413,2.5,1.3883330762906048,46.92938568868151,87.004,6,0
2,2.296167210254357,2.4243462013100956,1.0659348819467427,86.0381802207873,95.14,6,0
2,2.297510238889916,2.499733704447911,1.126727343766733,46.008323843482486,93.48,5,0
2,2.2753902290234276,2.5,1.7608449929076333,46.30378248963629,103.942,7,0
2,2.297976919470273,2.4419030645910205,1.2479413431711894,44.52602772357502,102.756,6,0
2,2.243982487240236,2.348135738511575,1.266921110957316,53.75791638847091,80.2,7,0
2,2.23830540953358,2.5,0.8081102068622982,67.26257093672322,80.908,5,0
1,2.2844769957392512,0.946827229844434,1.194498674687576,61.787968355611795,81.224,8,0
2,2.3498902156290375,2.5,1.152752369937414,46.78252227143834,77.714,8,0
2,2.294096971188901,2.5,1.2333682061981766,52.25056955336579,86.758,4,0
2,2.2622077124728985,2.5,1.4688932225265008,42.53150274518977,83.396,6,0
2,2.5,2.5,1.3142170512444007,58.53411833238881,95.628,7,0
2,2.279713920719443,2.5,1.0675424212110278,46.28943434349468,89.17,6,0
2,2.2964528109025153,2.1302224210239746,0.969371163172159,48.94119559698452,78.428,5,0
2,2.291226650964611,2.076123998707818,0.6871733456815747,38.267384383847,70.592,6,0
2,2.5,2.489354911480128,1.108542883463554,46.38388840049676,89.254,8,0
2,1.8324539936342799,2.3342723189349464,1.1405795673204606,60.72888923144781,77.19,8,0
2,2.5,2.0980696688274225,0.9858358029531672,46.81869487803933,86.526,6,0
1,2.3042189155539954,2.5,1.4488692254076019,54.72954220503294,63.312000000000005,9,0
2,2.26910787847573,2.2816128922806183,1.1094920142206863,48.120377641637745,86.642,6,0
2,2.5,2.010177620467143,2.280489776850409,65.82129894323201,96.32600000000001,7,0
2,2.4283289738309954,2.5,1.1138857969940759,44.43693452131576,91.922,9,0
2,0.7756555898865867,2.1653003215696756,1.7230318857222704,53.65575591392631,94.028,5,0
2,1.705847919960486,2.5,1.012338885967999,16.212821971552636,85.554,5,0
2,2.2155358684026316,2.5,1.8026839787590334,44.8490152213288,87.322,8,0
2,2.271802013522734,2.5,1.054593720818802,48.1591669386356,100.278,5,0
2,0.6888087143694481,2.134298044370795,1.2445437187427544,38.36222095035306,89.896,8,0
2,2.1951284945536536,2.393214326189395,1.0869698456278152,51.934311081188014,104.542,8,0
2,2.028844143476568,2.5,1.1616128489984798,46.957412660695184,92.186,4,0
2,2.365156745870251,2.5,1.0185450254129165,49.77458695986559,82.44,8,0
2,2.2052227039692864,2.5,1.421136084416851,47.15644291985409,82.142,5,0
2,2.3061908606782837,0.3,1.207888487224473,70.39317875837801,103.152,4,0
2,2.3789258029709575,2.4973586073820773,1.0261391793615378,51.68735487409494,91.408,10,0
2,2.233820696941812,2.068445888082163,1.8047264380559755,48.73283044917081,86.968,10,0
2,2.175785962301919,2.3687524737139056,1.2608492327198149,36.33680184747033,87.712,6,0
2,1.939342500192206,2.4780280361937495,0.9846233386049823,44.55150684989972,74.392,7,0
2,2.26072580290684,2.5,0.7956799619264254,88.52951122996603,96.19,7,0
1,2.2840687980944585,1.9193935215502418,1.2258998152982867,73.23675752912112,76.09,8,0
2,2.452698470179188,2.5,1.2426825678990747,53.20887955038369,80.69200000000001,8,0
2,2.3115816292814944,2.5,1.2074906306219448,31.14297445659411,75.91,7,0
2,2.2917269860328866,2.5,1.3057480674923636,48.29003897079486,69.292,9,0
2,2.47587055257654,2.5,0.929282339059836,37.888245422074576,96.22,5,0
2,2.309762476545989,2.5,1.0874565790111288,44.5937159638517,80.344,6,0
2,2.293714595686069,2.1339137711905165,0.31462083828118304,48.65919594903191,84.25200000000001,7,0
2,2.290086881070424,2.10910775583133,0.6406894535968257,38.692954307523706,94.06,4,0
2,2.2100257628178115,2.459685085421542,1.0866231830411652,43.92984751076303,89.416,6,0
2,2.1404399544005033,2.5,1.2878398112155698,33.2776834870131,82.852,7,0
2,2.3661382755255596,2.5,1.0288632413555636,49.09981642426368,81.808,8,0
1,2.3006818097992423,2.3333725114693324,1.7602903856688,57.38966047119403,77.152,8,0
2,2.2986099390743804,2.4568583663205708,1.1153427114280738,42.77698400346719,89.72200000000001,4,0
2,2.5,2.1563113192885233,2.1910499859341535,92.90002221260193,84.97200000000001,7,0
2,2.290773812755473,2.5,1.0751576724799616,54.33337301969465,86.602,7,0
2,1.8870326316137376,1.6971921325596988,1.2564985662972903,45.2083219499876,88.336,8,0
2,2.2977614501353076,1.223966972329419,1.0057788676825967,38.82418085341958,100.718,8,0
2,2.2255170414935965,2.5,1.3043481199745428,31.492131430336073,88.974,8,0
2,2.2787641454269876,2.5,1.0570954562498973,48.148764448148846,90.62,4,0
2,2.5,2.3425837486661294,1.0619049132263865,44.05391065448245,94.022,9,0
2,2.1962393308755357,2.4996028845604643,1.0621664220804796,40.10624503203354,84.918,6,0
2,1.3965379149495565,2.5,1.1711133685438535,46.666404521785076,82.362,4,0
2,2.4516774935252346,2.5,1.0511556850068131,39.69634705814612,69.39,7,0
2,2.3054387947145734,2.5,0.8096873040777988,48.026262540825314,96.022,8,0
2,2.2745798341209955,0.3,1.1966731097607566,79.37492719759905,93.28,5,0
2,2.221140729042648,2.497171899715394,1.2021742511602258,37.383322259600504,83.246,5,0
2,2.5,1.6110082324544388,1.0840953436208212,46.03543666563055,83.492,6,0
2,2.1435362419041026,2.4248379187198763,1.0334234838510583,14.14835072689904,91.108,9,0
1,2.1581683327729135,2.080978631954456,0.9274897822274769,56.22979600722612,87.962,5,0
1,2.254948838589838,2.5,0.7865445001319392,99.05435507598946,70.824,8,0
2,2.263333185458255,2.5,1.2384429751299293,57.363411475795075,82.546,6,0
2,1.8329698277377648,2.5,1.1561470676648737,55.981785662694016,104.44,3,0
2,2.213682969985614,2.5,1.1798761549685395,39.48113694645451,95.914,7,0
2,2.319094588409198,2.5,1.098675739100212,48.465980633120886,99.094,4,0
2,2.1588566376064295,2.5,1.3829245287563934,39.9964770260662,78.032,5,0
2,2.319647388796695,2.5,1.1006523953002623,43.25106996333468,78.68,7,0
2,2.2985757862231195,2.3264004223236525,0.3,49.8320321068475,88.56,5,0
2,2.2583357621253164,2.2162002967279353,0.39800249490629236,46.369427012260545,78.928,8,0
2,2.26672614722157,1.1912022927266164,1.127926186694491,50.20911353973609,78.396,8,0
2,2.3623718873512054,2.5,1.214257590640945,38.00960231834008,86.424,8,0
2,2.2647052895170536,2.5,1.0445897361156922,49.100493206628585,100.358,5,0
2,2.2612081773750767,1.4359781456464984,1.8228558746628714,59.949460447644164,82.31400000000001,7,0
2,2.258719114556526,2.385814292328451,0.941314626255811,45.17359727079053,86.764,6,0
2,2.38542496768647,1.3545122250298824,0.7299321423057843,97.56658641996975,100.594,5,0
2,2.3814569318014542,2.5,1.0965007766179737,64.80075258277085,79.298,6,0
2,2.5,1.938982246190615,0.6799617821194426,47.66091579534442,84.558,4,0
2,2.5,1.0288852094157295,1.0092388825620955,60.712996893365684,83.424,7,0
2,2.276756823054818,2.5,0.907511012559556,41.76614483522385,83.036,6,0
2,2.2772255961749077,2.5,1.0703790689802892,48.11871505271442,66.06400000000001,6,0
2,1.2462815628870418,2.451962662302741,1.2718247389484834,43.901644652916666,86.416,5,0
2,2.1333122209640027,2.471380351737415,1.0754571418900607,35.646087775530205,93.96000000000001,7,0
2,0.9574497984502846,2.5,1.260590554281109,50.145667851799544,98.372,3,0
2,2.1161928679657254,2.5,1.067772759751644,31.111112789018684,90.184,7,0
2,2.1024243888626706,2.5,0.8930802709317444,46.927676660664446,101.004,5,0
2,2.279694527193082,0.37944185018511384,1.2402328989642764,100.0,78.03,6,0
2,2.159898733726547,2.4972330332968764,1.1761024371585718,31.38497688457297,84.078,5,0
2,2.4461176695468207,2.244492566843356,1.0078889734403749,43.817888431355165,108.494,8,0
2,2.275185379155988,2.4740146794454323,0.9792303331337919,28.291790253200993,90.88,4,0
2,2.318772187851504,2.2051361940236727,1.3325139934635042,70.02167076580342,106.30799999999999,3,0
1,2.1847466177586905,2.5,0.4808344258925342,46.028512614852716,88.212,6,0
1,2.2609891949021246,2.5,1.1524642578868665,82.8333333393672,78.144,7,0
2,2.0185126408200222,2.5,1.2635496192548716,49.399923838897294,86.922,9,0
2,2.213222498138661,2.5,1.1224797568588885,49.74625446249117,83.406,5,0
2,2.28599072925959,2.5,0.9397980275393752,48.17121537817004,80.244,5,0
2,2.115412182982622,2.5,1.6322942108728677,48.97401558552663,82.25,6,0
2,2.2534711567245918,2.5,1.0929180100932339,45.32307830940782,89.964,6,0
2,2.287850512532244,2.262111552553838,1.4371694983351144,49.133619483315435,75.038,6,0
2,2.2848932732432545,2.3539282338869496,0.6563509630710719,38.31551228633266,98.592,3,0
2,2.3631447948527726,1.7733803113645616,1.1007163601174736,47.9693386310421,86.078,7,0
2,1.641915791371757,1.8604758522649627,1.6374472664411481,56.02127564333665,84.238,6,0
2,2.1972190783301944,2.4710793205336676,1.0303939392279997,46.51636492536701,86.662,6,0
2,2.2779986028340224,2.207568139070726,1.3759581805820924,69.11674937733389,94.22,9,0
2,2.1922156135901405,1.7010365894386972,0.9352359679337581,49.589249285394985,82.936,6,0
2,2.1663083728111396,0.9343948117757808,0.3,82.99921006372207,75.274,7,0
2,2.327053666434156,2.5,1.145824007703175,63.19774383471964,77.942,7,0
2,1.9704489373854166,2.258615883491207,2.5,77.93278279508101,83.026,4,0
2,2.5,2.272720919492647,1.0803992142090044,48.94451401685639,87.492,9,0
2,2.27513700295232,2.5,1.9141539186298817,52.3443375558997,89.58,5,0
2,2.2665391940588506,2.5,1.061462393757642,48.119581248085225,93.722,3,0
2,0.7060683256157219,2.5,1.158896935927487,36.55386525892297,86.742,5,0
2,2.260422629532304,2.422617022044395,1.0979184284992136,37.747815835723245,85.46,3,0
2,1.1848056427182634,2.5,1.2134441964805545,48.75888173559197,71.038,10,0
2,2.361529824266788,2.5,1.0544520988816029,33.80337815668037,93.39999999999999,5,0
2,2.1911282666937475,2.5,1.190249651175702,40.261558809888534,83.33200000000001,8,0
2,2.3334790419221814,1.2318885143807994,1.1203093571031513,100.0,77.644,5,0
2,2.1047144638520487,2.4984470123865736,1.0295076571047193,37.74408318262001,92.08,5,0
2,2.3461060024306364,1.9765281696287378,2.413749052160116,48.45641111579883,88.556,6,0
2,2.31493145384996,2.5,1.2551864131123347,51.71019229184638,82.258,9,0
2,2.031774789300588,2.36849636648855,1.2351105030436993,52.03725295509576,83.83,5,0
2,2.1892197632821735,2.5,1.0039926544514266,24.446132857613552,88.7,4,0
2,2.2906381248847274,1.1828957960142001,1.112798471791588,84.84059336288315,90.404,7,0
2,2.2688737386067492,2.5,1.5455836413756008,51.43713506976556,83.446,8,0
2,2.2991293349871267,2.5,1.1521008542256608,51.019573270148896,79.6,7,0
2,2.2535597276440997,2.5,1.1449058874810911,48.22630095548535,83.282,7,0
2,2.43403276442481,2.5,1.2757865111121678,55.08120519612433,89.2,6,0
2,2.234339270253946,2.5,1.0285039742282578,45.39195917136844,97.08,5,0
2,2.287131155747406,2.341655237625809,0.827853723026557,48.50444812321895,105.872,5,0
2,2.2875186032782246,2.419061509357742,0.4892424689816118,40.66295989853864,79.67,7,0
2,2.4843215192265404,2.5,1.1787113575139276,45.66412107601835,96.44200000000001,6,0
2,1.9137714791385416,2.2319441982605017,1.0983695915665703,48.20788698688639,81.33800000000001,5,0
2,2.5,1.8844634994044007,1.0163228790508285,48.25965153922816,82.746,7,0
2,2.3170473548808617,2.5,0.8621682118358903,62.39508927808911,84.4,8,0
2,2.2758391615788804,1.5429208628565956,1.0540871669411733,46.197577136892775,80.46000000000001,7,0
2,2.3167318029876247,2.5,0.3,64.03441680827473,91.75,6,0
2,2.3360803843806797,2.5,1.0779245495488834,55.16927527866561,81.16199999999999,10,0
2,0.8536576490826915,2.361822175515841,1.4301092936256166,93.88119990576156,92.866,7,0
2,2.349608692192012,2.5,1.1119568596119493,32.19595554457774,102.61,8,0
2,2.2040030999716596,2.5,1.8792769192763998,30.965630534556194,84.072,10,0
2,2.2769643513188718,2.5,1.055807909141278,48.128839797284954,86.726,8,0
2,1.7111304810365124,2.216374752150183,1.07666054397454,28.253667941048725,73.62400000000001,6,0
2,2.3131380886445356,2.214195732358329,1.1022822582126182,37.12236090690606,81.038,6,0
2,2.5,2.5,0.9711593234695585,47.239607845532255,97.392,7,0
2,2.4352772217340406,2.5,1.0489867736948548,47.00691800048927,85.924,8,0
2,2.168409209406759,2.5,1.3400829132578813,39.96111091797822,77.894,8,0
2,2.335107374751198,2.5,1.1262316352080706,69.12634451416555,89.978,6,0
2,2.112771591224949,2.4994755222629275,1.2233875824679465,46.94383862348086,82.63,8,0
2,2.3728035161612593,1.6094797042600746,1.0830090616395753,50.70064206029519,88.808,2,0
2,2.2947645223108633,2.457597048346831,1.3385157678875752,47.416361441255454,72.808,7,0
2,2.175328897491686,2.06125301544812,1.1957704899194945,35.71924220798722,80.968,7,0
2,2.2822918308121722,2.5,1.3312339218078781,76.35789084454461,95.756,4,0
2,2.2843248531357463,1.029466891657696,1.112110500494784,64.79895132551815,83.632,4,0
2,2.412942566563608,2.5,1.4515196355581266,52.10718324753285,76.244,4,0
2,2.2964366198953874,2.5,1.135457140946682,43.278140555803255,83.40400000000001,7,0
2,2.3301485541698055,2.5,1.221140954076748,48.511060489474126,93.418,9,0
2,2.5,2.5,0.9883112376846566,53.89524525529737,101.906,7,0
2,2.29034487217072,2.5,1.0460553664320797,43.24348222496738,88.578,5,0
2,2.3231755925364985,2.2204526888849103,0.6975059244974698,48.1498491233489,89.424,9,0
2,2.2644902939773504,2.3272413382202983,0.7986376678359299,40.91628753473572,91.42,7,0
2,2.3657442117593996,1.6719281698663113,1.2545257558908465,45.51731170230804,94.384,6,0
2,2.425444950060114,2.4234067559533097,1.0504638854092565,39.430118690190774,66.406,5,0
2,2.5,1.5995364069000226,1.0057229714432445,49.10862098495952,93.61,7,0
2,2.3221348535313884,2.2895781383349147,1.651104133941534,43.85820225472755,82.918,6,0
2,2.2453411650225377,2.47379755073435,1.0762716084867694,44.63320897080242,92.73,6,0
2,2.429902719116711,2.5,0.5915764856093398,73.11041207110817,96.53,6,0
2,2.3240999595073673,2.5,1.0367455420892304,54.84106199682568,85.76,8,0
2,0.9975238145646477,2.111256006141204,1.3693634050883625,36.50183733467849,83.792,5,0
2,2.1075750860181928,1.298407686505392,0.9801456486417621,42.19324500579619,91.48,6,0
2,2.2182220209284043,2.5,1.5168801596727821,36.46379679913325,93.546,9,0
2,2.280108086820982,2.5,1.060530982296863,48.13529908192576,80.426,7,0
2,2.2123575943011935,1.9935133753859506,1.4970682861141638,27.645279821058207,96.514,7,0
